title,abstract,year,category,url
Changing Data Sources in the Age of Machine Learning for Official Statistics,"Data science has become increasingly essential for the production of official statistics, as it enables the automated collection, processing, and analysis of large amounts of data. With such data science practices in place, it enables more timely, more insightful and more flexible reporting. However, the quality and integrity of data-science-driven statistics rely on the accuracy and reliability of the data sources and the machine learning techniques that support them. In particular, changes in data sources are inevitable to occur and pose significant risks that are crucial to address in the context of machine learning for official statistics.   This paper gives an overview of the main risks, liabilities, and uncertainties associated with changing data sources in the context of machine learning for official statistics. We provide a checklist of the most prevalent origins and causes of changing data sources; not only on a technical level but also regarding ownership, ethics, regulation, and public perception. Next, we highlight the repercussions of changing data sources on statistical reporting. These include technical effects such as concept drift, bias, availability, validity, accuracy and completeness, but also the neutrality and potential discontinuation of the statistical offering. We offer a few important precautionary measures, such as enhancing robustness in both data sourcing and statistical techniques, and thorough monitoring. In doing so, machine learning-based official statistics can maintain integrity, reliability, consistency, and relevance in policy-making, decision-making, and public discourse.",2023,machine learning,http://arxiv.org/abs/2306.04338v1
DOME: Recommendations for supervised machine learning validation in biology,"Modern biology frequently relies on machine learning to provide predictions and improve decision processes. There have been recent calls for more scrutiny on machine learning performance and possible limitations. Here we present a set of community-wide recommendations aiming to help establish standards of supervised machine learning validation in biology. Adopting a structured methods description for machine learning based on data, optimization, model, evaluation (DOME) will aim to help both reviewers and readers to better understand and assess the performance and limitations of a method or outcome. The recommendations are formulated as questions to anyone wishing to pursue implementation of a machine learning algorithm. Answers to these questions can be easily included in the supplementary material of published papers.",2020,machine learning,http://arxiv.org/abs/2006.16189v4
Learning Curves for Decision Making in Supervised Machine Learning: A Survey,"Learning curves are a concept from social sciences that has been adopted in the context of machine learning to assess the performance of a learning algorithm with respect to a certain resource, e.g., the number of training examples or the number of training iterations. Learning curves have important applications in several machine learning contexts, most notably in data acquisition, early stopping of model training, and model selection. For instance, learning curves can be used to model the performance of the combination of an algorithm and its hyperparameter configuration, providing insights into their potential suitability at an early stage and often expediting the algorithm selection process. Various learning curve models have been proposed to use learning curves for decision making. Some of these models answer the binary decision question of whether a given algorithm at a certain budget will outperform a certain reference performance, whereas more complex models predict the entire learning curve of an algorithm. We contribute a framework that categorises learning curve approaches using three criteria: the decision-making situation they address, the intrinsic learning curve question they answer and the type of resources they use. We survey papers from the literature and classify them into this framework.",2022,machine learning,http://arxiv.org/abs/2201.12150v2
Active learning for data streams: a survey,"Online active learning is a paradigm in machine learning that aims to select the most informative data points to label from a data stream. The problem of minimizing the cost associated with collecting labeled observations has gained a lot of attention in recent years, particularly in real-world applications where data is only available in an unlabeled form. Annotating each observation can be time-consuming and costly, making it difficult to obtain large amounts of labeled data. To overcome this issue, many active learning strategies have been proposed in the last decades, aiming to select the most informative observations for labeling in order to improve the performance of machine learning models. These approaches can be broadly divided into two categories: static pool-based and stream-based active learning. Pool-based active learning involves selecting a subset of observations from a closed pool of unlabeled data, and it has been the focus of many surveys and literature reviews. However, the growing availability of data streams has led to an increase in the number of approaches that focus on online active learning, which involves continuously selecting and labeling observations as they arrive in a stream. This work aims to provide an overview of the most recently proposed approaches for selecting the most informative observations from data streams in real time. We review the various techniques that have been proposed and discuss their strengths and limitations, as well as the challenges and opportunities that exist in this area of research.",2023,machine learning,http://arxiv.org/abs/2302.08893v4
Physics-Inspired Interpretability Of Machine Learning Models,"The ability to explain decisions made by machine learning models remains one of the most significant hurdles towards widespread adoption of AI in highly sensitive areas such as medicine, cybersecurity or autonomous driving. Great interest exists in understanding which features of the input data prompt model decision making. In this contribution, we propose a novel approach to identify relevant features of the input data, inspired by methods from the energy landscapes field, developed in the physical sciences. By identifying conserved weights within groups of minima of the loss landscapes, we can identify the drivers of model decision making. Analogues to this idea exist in the molecular sciences, where coordinate invariants or order parameters are employed to identify critical features of a molecule. However, no such approach exists for machine learning loss landscapes. We will demonstrate the applicability of energy landscape methods to machine learning models and give examples, both synthetic and from the real world, for how these methods can help to make models more interpretable.",2023,machine learning,http://arxiv.org/abs/2304.02381v2
Privacy-preserving machine learning for healthcare: open challenges and future perspectives,"Machine Learning (ML) has recently shown tremendous success in modeling various healthcare prediction tasks, ranging from disease diagnosis and prognosis to patient treatment. Due to the sensitive nature of medical data, privacy must be considered along the entire ML pipeline, from model training to inference. In this paper, we conduct a review of recent literature concerning Privacy-Preserving Machine Learning (PPML) for healthcare. We primarily focus on privacy-preserving training and inference-as-a-service, and perform a comprehensive review of existing trends, identify challenges, and discuss opportunities for future research directions. The aim of this review is to guide the development of private and efficient ML models in healthcare, with the prospects of translating research efforts into real-world settings.",2023,machine learning,http://arxiv.org/abs/2303.15563v1
A Benchmark Study of Machine Learning Models for Online Fake News Detection,"The proliferation of fake news and its propagation on social media has become a major concern due to its ability to create devastating impacts. Different machine learning approaches have been suggested to detect fake news. However, most of those focused on a specific type of news (such as political) which leads us to the question of dataset-bias of the models used. In this research, we conducted a benchmark study to assess the performance of different applicable machine learning approaches on three different datasets where we accumulated the largest and most diversified one. We explored a number of advanced pre-trained language models for fake news detection along with the traditional and deep learning ones and compared their performances from different aspects for the first time to the best of our knowledge. We find that BERT and similar pre-trained models perform the best for fake news detection, especially with very small dataset. Hence, these models are significantly better option for languages with limited electronic contents, i.e., training data. We also carried out several analysis based on the models' performance, article's topic, article's length, and discussed different lessons learned from them. We believe that this benchmark study will help the research community to explore further and news sites/blogs to select the most appropriate fake news detection method.",2019,machine learning,http://arxiv.org/abs/1905.04749v2
MerLin: A Discovery Engine for Photonic and Hybrid Quantum Machine Learning,"Identifying where quantum models may offer practical benefits in near term quantum machine learning (QML) requires moving beyond isolated algorithmic proposals toward systematic and empirical exploration across models, datasets, and hardware constraints. We introduce MerLin, an open-source framework designed as a discovery engine for photonic and hybrid quantum machine learning. MerLin integrates optimized strong simulation of linear optical circuits into standard PyTorch and scikit learn workflows, enabling end-to-end differentiable training of quantum layers.   MerLin is designed around systematic benchmarking and reproducibility. As an initial contribution, we reproduce eighteen state-of-the-art photonic and hybrid QML works spanning kernel methods, reservoir computing, convolutional and recurrent architectures, generative models, and modern training paradigms. These reproductions are released as reusable, modular experiments that can be directly extended and adapted, establishing a shared experimental baseline consistent with empirical benchmarking methodologies widely adopted in modern artificial intelligence.   By embedding photonic quantum models within established machine learning ecosystems, MerLin allows practitioners to leverage existing tooling for ablation studies, cross-modality comparisons, and hybrid classical-quantum workflows. The framework already implements hardware-aware features, allowing tests on available quantum hardware while enabling exploration beyond its current capabilities, positioning MerLin as a forward-looking co-design tool linking algorithms, benchmarks, and hardware.",2026,machine learning,http://arxiv.org/abs/2602.11092v2
Emotion in Reinforcement Learning Agents and Robots: A Survey,"This article provides the first survey of computational models of emotion in reinforcement learning (RL) agents. The survey focuses on agent/robot emotions, and mostly ignores human user emotions. Emotions are recognized as functional in decision-making by influencing motivation and action selection. Therefore, computational emotion models are usually grounded in the agent's decision making architecture, of which RL is an important subclass. Studying emotions in RL-based agents is useful for three research fields. For machine learning (ML) researchers, emotion models may improve learning efficiency. For the interactive ML and human-robot interaction (HRI) community, emotions can communicate state and enhance user investment. Lastly, it allows affective modelling (AM) researchers to investigate their emotion theories in a successful AI agent class. This survey provides background on emotion theory and RL. It systematically addresses 1) from what underlying dimensions (e.g., homeostasis, appraisal) emotions can be derived and how these can be modelled in RL-agents, 2) what types of emotions have been derived from these dimensions, and 3) how these emotions may either influence the learning efficiency of the agent or be useful as social signals. We also systematically compare evaluation criteria, and draw connections to important RL sub-domains like (intrinsic) motivation and model-based RL. In short, this survey provides both a practical overview for engineers wanting to implement emotions in their RL agents, and identifies challenges and directions for future emotion-RL research.",2017,machine learning,http://arxiv.org/abs/1705.05172v1
Fourier Learning Machines: Nonharmonic Fourier-Based Neural Networks for Scientific Machine Learning,"We introduce the Fourier Learning Machine (FLM), a neural network (NN) architecture designed to represent a multidimensional nonharmonic Fourier series. The FLM uses a simple feedforward structure with cosine activation functions to learn the frequencies, amplitudes, and phase shifts of the series as trainable parameters. This design allows the model to create a problem-specific spectral basis adaptable to both periodic and nonperiodic functions. Unlike previous Fourier-inspired NN models, the FLM is the first architecture able to represent a multidimensional Fourier series with a complete set of basis functions in separable form, doing so by using a standard Multilayer Perceptron-like architecture. A one-to-one correspondence between the Fourier coefficients and amplitudes and phase-shifts is demonstrated, allowing for the translation between a full, separable basis form and the cosine phase-shifted one. Additionally, we evaluate the performance of FLMs on several scientific computing problems, including benchmark Partial Differential Equations (PDEs) and a family of Optimal Control Problems (OCPs). Computational experiments show that the performance of FLMs is comparable, and often superior, to that of established architectures like SIREN and vanilla feedforward NNs.",2025,machine learning,http://arxiv.org/abs/2509.08759v3
MEMe: An Accurate Maximum Entropy Method for Efficient Approximations in Large-Scale Machine Learning,"Efficient approximation lies at the heart of large-scale machine learning problems. In this paper, we propose a novel, robust maximum entropy algorithm, which is capable of dealing with hundreds of moments and allows for computationally efficient approximations. We showcase the usefulness of the proposed method, its equivalence to constrained Bayesian variational inference and demonstrate its superiority over existing approaches in two applications, namely, fast log determinant estimation and information-theoretic Bayesian optimisation.",2019,machine learning,http://arxiv.org/abs/1906.01101v1
Generalizing Machine Learning Evaluation through the Integration of Shannon Entropy and Rough Set Theory,"This research paper delves into the innovative integration of Shannon entropy and rough set theory, presenting a novel approach to generalize the evaluation approach in machine learning. The conventional application of entropy, primarily focused on information uncertainty, is extended through its combination with rough set theory to offer a deeper insight into data's intrinsic structure and the interpretability of machine learning models. We introduce a comprehensive framework that synergizes the granularity of rough set theory with the uncertainty quantification of Shannon entropy, applied across a spectrum of machine learning algorithms. Our methodology is rigorously tested on various datasets, showcasing its capability to not only assess predictive performance but also to illuminate the underlying data complexity and model robustness. The results underscore the utility of this integrated approach in enhancing the evaluation landscape of machine learning, offering a multi-faceted perspective that balances accuracy with a profound understanding of data attributes and model dynamics. This paper contributes a groundbreaking perspective to machine learning evaluation, proposing a method that encapsulates a holistic view of model performance, thereby facilitating more informed decision-making in model selection and application.",2024,machine learning,http://arxiv.org/abs/2404.12511v1
ALERT-Transformer: Bridging Asynchronous and Synchronous Machine Learning for Real-Time Event-based Spatio-Temporal Data,"We seek to enable classic processing of continuous ultra-sparse spatiotemporal data generated by event-based sensors with dense machine learning models. We propose a novel hybrid pipeline composed of asynchronous sensing and synchronous processing that combines several ideas: (1) an embedding based on PointNet models -- the ALERT module -- that can continuously integrate new and dismiss old events thanks to a leakage mechanism, (2) a flexible readout of the embedded data that allows to feed any downstream model with always up-to-date features at any sampling rate, (3) exploiting the input sparsity in a patch-based approach inspired by Vision Transformer to optimize the efficiency of the method. These embeddings are then processed by a transformer model trained for object and gesture recognition. Using this approach, we achieve performances at the state-of-the-art with a lower latency than competitors. We also demonstrate that our asynchronous model can operate at any desired sampling rate.",2024,machine learning,http://arxiv.org/abs/2402.01393v3
Learning Representations from Dendrograms,"We propose unsupervised representation learning and feature extraction from dendrograms. The commonly used Minimax distance measures correspond to building a dendrogram with single linkage criterion, with defining specific forms of a level function and a distance function over that. Therefore, we extend this method to arbitrary dendrograms. We develop a generalized framework wherein different distance measures and representations can be inferred from different types of dendrograms, level functions and distance functions. Via an appropriate embedding, we compute a vector-based representation of the inferred distances, in order to enable many numerical machine learning algorithms to employ such distances. Then, to address the model selection problem, we study the aggregation of different dendrogram-based distances respectively in solution space and in representation space in the spirit of deep representations. In the first approach, for example for the clustering problem, we build a graph with positive and negative edge weights according to the consistency of the clustering labels of different objects among different solutions, in the context of ensemble methods. Then, we use an efficient variant of correlation clustering to produce the final clusters. In the second approach, we investigate the combination of different distances and features sequentially in the spirit of multi-layered architectures to obtain the final features. Finally, we demonstrate the effectiveness of our approach via several numerical studies.",2018,machine learning,http://arxiv.org/abs/1812.09225v4
Public Policymaking for International Agricultural Trade using Association Rules and Ensemble Machine Learning,"International economics has a long history of improving our understanding of factors causing trade, and the consequences of free flow of goods and services across countries. The recent shocks to the free trade regime, especially trade disputes among major economies, as well as black swan events, such as trade wars and pandemics, raise the need for improved predictions to inform policy decisions. AI methods are allowing economists to solve such prediction problems in new ways. In this manuscript, we present novel methods that predict and associate food and agricultural commodities traded internationally. Association Rules (AR) analysis has been deployed successfully for economic scenarios at the consumer or store level, such as for market basket analysis. In our work however, we present analysis of imports and exports associations and their effects on commodity trade flows. Moreover, Ensemble Machine Learning methods are developed to provide improved agricultural trade predictions, outlier events' implications, and quantitative pointers to policy makers.",2021,machine learning,http://arxiv.org/abs/2111.07508v1
Unsupervised Representation Learning with Minimax Distance Measures,"We investigate the use of Minimax distances to extract in a nonparametric way the features that capture the unknown underlying patterns and structures in the data. We develop a general-purpose and computationally efficient framework to employ Minimax distances with many machine learning methods that perform on numerical data. We study both computing the pairwise Minimax distances for all pairs of objects and as well as computing the Minimax distances of all the objects to/from a fixed (test) object. We first efficiently compute the pairwise Minimax distances between the objects, using the equivalence of Minimax distances over a graph and over a minimum spanning tree constructed on that. Then, we perform an embedding of the pairwise Minimax distances into a new vector space, such that their squared Euclidean distances in the new space equal to the pairwise Minimax distances in the original space. We also study the case of having multiple pairwise Minimax matrices, instead of a single one. Thereby, we propose an embedding via first summing up the centered matrices and then performing an eigenvalue decomposition to obtain the relevant features. In the following, we study computing Minimax distances from a fixed (test) object which can be used for instance in K-nearest neighbor search. Similar to the case of all-pair pairwise Minimax distances, we develop an efficient and general-purpose algorithm that is applicable with any arbitrary base distance measure. Moreover, we investigate in detail the edges selected by the Minimax distances and thereby explore the ability of Minimax distances in detecting outlier objects. Finally, for each setting, we perform several experiments to demonstrate the effectiveness of our framework.",2019,machine learning,http://arxiv.org/abs/1904.13223v3
Beyond Volume: The Impact of Complex Healthcare Data on the Machine Learning Pipeline,"From medical charts to national census, healthcare has traditionally operated under a paper-based paradigm. However, the past decade has marked a long and arduous transformation bringing healthcare into the digital age. Ranging from electronic health records, to digitized imaging and laboratory reports, to public health datasets, today, healthcare now generates an incredible amount of digital information. Such a wealth of data presents an exciting opportunity for integrated machine learning solutions to address problems across multiple facets of healthcare practice and administration. Unfortunately, the ability to derive accurate and informative insights requires more than the ability to execute machine learning models. Rather, a deeper understanding of the data on which the models are run is imperative for their success. While a significant effort has been undertaken to develop models able to process the volume of data obtained during the analysis of millions of digitalized patient records, it is important to remember that volume represents only one aspect of the data. In fact, drawing on data from an increasingly diverse set of sources, healthcare data presents an incredibly complex set of attributes that must be accounted for throughout the machine learning pipeline. This chapter focuses on highlighting such challenges, and is broken down into three distinct components, each representing a phase of the pipeline. We begin with attributes of the data accounted for during preprocessing, then move to considerations during model building, and end with challenges to the interpretation of model output. For each component, we present a discussion around data as it relates to the healthcare domain and offer insight into the challenges each may impose on the efficiency of machine learning techniques.",2017,machine learning,http://arxiv.org/abs/1706.01513v2
Automatic Machine Learning by Pipeline Synthesis using Model-Based Reinforcement Learning and a Grammar,"Automatic machine learning is an important problem in the forefront of machine learning. The strongest AutoML systems are based on neural networks, evolutionary algorithms, and Bayesian optimization. Recently AlphaD3M reached state-of-the-art results with an order of magnitude speedup using reinforcement learning with self-play. In this work we extend AlphaD3M by using a pipeline grammar and a pre-trained model which generalizes from many different datasets and similar tasks. Our results demonstrate improved performance compared with our earlier work and existing methods on AutoML benchmark datasets for classification and regression tasks. In the spirit of reproducible research we make our data, models, and code publicly available.",2019,machine learning,http://arxiv.org/abs/1905.10345v1
Explanatory machine learning for sequential human teaching,"The topic of comprehensibility of machine-learned theories has recently drawn increasing attention. Inductive Logic Programming (ILP) uses logic programming to derive logic theories from small data based on abduction and induction techniques. Learned theories are represented in the form of rules as declarative descriptions of obtained knowledge. In earlier work, the authors provided the first evidence of a measurable increase in human comprehension based on machine-learned logic rules for simple classification tasks. In a later study, it was found that the presentation of machine-learned explanations to humans can produce both beneficial and harmful effects in the context of game learning. We continue our investigation of comprehensibility by examining the effects of the ordering of concept presentations on human comprehension. In this work, we examine the explanatory effects of curriculum order and the presence of machine-learned explanations for sequential problem-solving. We show that 1) there exist tasks A and B such that learning A before B has a better human comprehension with respect to learning B before A and 2) there exist tasks A and B such that the presence of explanations when learning A contributes to improved human comprehension when subsequently learning B. We propose a framework for the effects of sequential teaching on comprehension based on an existing definition of comprehensibility and provide evidence for support from data collected in human trials. Empirical results show that sequential teaching of concepts with increasing complexity a) has a beneficial effect on human comprehension and b) leads to human re-discovery of divide-and-conquer problem-solving strategies, and c) studying machine-learned explanations allows adaptations of human problem-solving strategy with better performance.",2022,machine learning,http://arxiv.org/abs/2205.10250v2
Reproducibility in Machine Learning for Health,"Machine learning algorithms designed to characterize, monitor, and intervene on human health (ML4H) are expected to perform safely and reliably when operating at scale, potentially outside strict human supervision. This requirement warrants a stricter attention to issues of reproducibility than other fields of machine learning.   In this work, we conduct a systematic evaluation of over 100 recently published ML4H research papers along several dimensions related to reproducibility. We find that the field of ML4H compares poorly to more established machine learning fields, particularly concerning data and code accessibility. Finally, drawing from success in other fields of science, we propose recommendations to data providers, academic publishers, and the ML4H research community in order to promote reproducible research moving forward.",2019,machine learning,http://arxiv.org/abs/1907.01463v1
ML-Schema: Exposing the Semantics of Machine Learning with Schemas and Ontologies,"The ML-Schema, proposed by the W3C Machine Learning Schema Community Group, is a top-level ontology that provides a set of classes, properties, and restrictions for representing and interchanging information on machine learning algorithms, datasets, and experiments. It can be easily extended and specialized and it is also mapped to other more domain-specific ontologies developed in the area of machine learning and data mining. In this paper we overview existing state-of-the-art machine learning interchange formats and present the first release of ML-Schema, a canonical format resulted of more than seven years of experience among different research institutions. We argue that exposing semantics of machine learning algorithms, models, and experiments through a canonical format may pave the way to better interpretability and to realistically achieve the full interoperability of experiments regardless of platform or adopted workflow solution.",2018,machine learning,http://arxiv.org/abs/1807.05351v1
Stop Explaining Black Box Machine Learning Models for High Stakes Decisions and Use Interpretable Models Instead,"Black box machine learning models are currently being used for high stakes decision-making throughout society, causing problems throughout healthcare, criminal justice, and in other domains. People have hoped that creating methods for explaining these black box models will alleviate some of these problems, but trying to \textit{explain} black box models, rather than creating models that are \textit{interpretable} in the first place, is likely to perpetuate bad practices and can potentially cause catastrophic harm to society. There is a way forward -- it is to design models that are inherently interpretable. This manuscript clarifies the chasm between explaining black boxes and using inherently interpretable models, outlines several key reasons why explainable black boxes should be avoided in high-stakes decisions, identifies challenges to interpretable machine learning, and provides several example applications where interpretable models could potentially replace black box models in criminal justice, healthcare, and computer vision.",2018,machine learning,http://arxiv.org/abs/1811.10154v3
A Framework for Implementing Machine Learning on Omics Data,"The potential benefits of applying machine learning methods to -omics data are becoming increasingly apparent, especially in clinical settings. However, the unique characteristics of these data are not always well suited to machine learning techniques. These data are often generated across different technologies in different labs, and frequently with high dimensionality. In this paper we present a framework for combining -omics data sets, and for handling high dimensional data, making -omics research more accessible to machine learning applications. We demonstrate the success of this framework through integration and analysis of multi-analyte data for a set of 3,533 breast cancers. We then use this data-set to predict breast cancer patient survival for individuals at risk of an impending event, with higher accuracy and lower variance than methods trained on individual data-sets. We hope that our pipelines for data-set generation and transformation will open up -omics data to machine learning researchers. We have made these freely available for noncommercial use at www.ccg.ai.",2018,machine learning,http://arxiv.org/abs/1811.10455v1
Teaching Uncertainty Quantification in Machine Learning through Use Cases,"Uncertainty in machine learning is not generally taught as general knowledge in Machine Learning course curricula. In this paper we propose a short curriculum for a course about uncertainty in machine learning, and complement the course with a selection of use cases, aimed to trigger discussion and let students play with the concepts of uncertainty in a programming setting. Our use cases cover the concept of output uncertainty, Bayesian neural networks and weight distributions, sources of uncertainty, and out of distribution detection. We expect that this curriculum and set of use cases motivates the community to adopt these important concepts into courses for safety in AI.",2021,machine learning,http://arxiv.org/abs/2108.08712v1
The Scientific Method in the Science of Machine Learning,"In the quest to align deep learning with the sciences to address calls for rigor, safety, and interpretability in machine learning systems, this contribution identifies key missing pieces: the stages of hypothesis formulation and testing, as well as statistical and systematic uncertainty estimation -- core tenets of the scientific method. This position paper discusses the ways in which contemporary science is conducted in other domains and identifies potentially useful practices. We present a case study from physics and describe how this field has promoted rigor through specific methodological practices, and provide recommendations on how machine learning researchers can adopt these practices into the research ecosystem. We argue that both domain-driven experiments and application-agnostic questions of the inner workings of fundamental building blocks of machine learning models ought to be examined with the tools of the scientific method, to ensure we not only understand effect, but also begin to understand cause, which is the raison d'être of science.",2019,machine learning,http://arxiv.org/abs/1904.10922v1
Multimodal Machine Learning for Automated ICD Coding,"This study presents a multimodal machine learning model to predict ICD-10 diagnostic codes. We developed separate machine learning models that can handle data from different modalities, including unstructured text, semi-structured text and structured tabular data. We further employed an ensemble method to integrate all modality-specific models to generate ICD-10 codes. Key evidence was also extracted to make our prediction more convincing and explainable. We used the Medical Information Mart for Intensive Care III (MIMIC -III) dataset to validate our approach. For ICD code prediction, our best-performing model (micro-F1 = 0.7633, micro-AUC = 0.9541) significantly outperforms other baseline models including TF-IDF (micro-F1 = 0.6721, micro-AUC = 0.7879) and Text-CNN model (micro-F1 = 0.6569, micro-AUC = 0.9235). For interpretability, our approach achieves a Jaccard Similarity Coefficient (JSC) of 0.1806 on text data and 0.3105 on tabular data, where well-trained physicians achieve 0.2780 and 0.5002 respectively.",2018,machine learning,http://arxiv.org/abs/1810.13348v4
On-Device Machine Learning: An Algorithms and Learning Theory Perspective,"The predominant paradigm for using machine learning models on a device is to train a model in the cloud and perform inference using the trained model on the device. However, with increasing number of smart devices and improved hardware, there is interest in performing model training on the device. Given this surge in interest, a comprehensive survey of the field from a device-agnostic perspective sets the stage for both understanding the state-of-the-art and for identifying open challenges and future avenues of research. However, on-device learning is an expansive field with connections to a large number of related topics in AI and machine learning (including online learning, model adaptation, one/few-shot learning, etc.). Hence, covering such a large number of topics in a single survey is impractical. This survey finds a middle ground by reformulating the problem of on-device learning as resource constrained learning where the resources are compute and memory. This reformulation allows tools, techniques, and algorithms from a wide variety of research areas to be compared equitably. In addition to summarizing the state-of-the-art, the survey also identifies a number of challenges and next steps for both the algorithmic and theoretical aspects of on-device learning.",2019,machine learning,http://arxiv.org/abs/1911.00623v2
Machine Learning for Health (ML4H) Workshop at NeurIPS 2018,"This volume represents the accepted submissions from the Machine Learning for Health (ML4H) workshop at the conference on Neural Information Processing Systems (NeurIPS) 2018, held on December 8, 2018 in Montreal, Canada.",2018,machine learning,http://arxiv.org/abs/1811.07216v2
Bayesian Differential Privacy for Machine Learning,"Traditional differential privacy is independent of the data distribution. However, this is not well-matched with the modern machine learning context, where models are trained on specific data. As a result, achieving meaningful privacy guarantees in ML often excessively reduces accuracy. We propose Bayesian differential privacy (BDP), which takes into account the data distribution to provide more practical privacy guarantees. We also derive a general privacy accounting method under BDP, building upon the well-known moments accountant. Our experiments demonstrate that in-distribution samples in classic machine learning datasets, such as MNIST and CIFAR-10, enjoy significantly stronger privacy guarantees than postulated by DP, while models maintain high classification accuracy.",2019,machine learning,http://arxiv.org/abs/1901.09697v5
Towards Quantification of Bias in Machine Learning for Healthcare: A Case Study of Renal Failure Prediction,"As machine learning (ML) models, trained on real-world datasets, become common practice, it is critical to measure and quantify their potential biases. In this paper, we focus on renal failure and compare a commonly used traditional risk score, Tangri, with a more powerful machine learning model, which has access to a larger variable set and trained on 1.6 million patients' EHR data. We will compare and discuss the generalization and applicability of these two models, in an attempt to quantify biases of status quo clinical practice, compared to ML-driven models.",2019,machine learning,http://arxiv.org/abs/1911.07679v1
TapNet: Neural Network Augmented with Task-Adaptive Projection for Few-Shot Learning,"Handling previously unseen tasks after given only a few training examples continues to be a tough challenge in machine learning. We propose TapNets, neural networks augmented with task-adaptive projection for improved few-shot learning. Here, employing a meta-learning strategy with episode-based training, a network and a set of per-class reference vectors are learned across widely varying tasks. At the same time, for every episode, features in the embedding space are linearly projected into a new space as a form of quick task-specific conditioning. The training loss is obtained based on a distance metric between the query and the reference vectors in the projection space. Excellent generalization results in this way. When tested on the Omniglot, miniImageNet and tieredImageNet datasets, we obtain state of the art classification accuracies under various few-shot scenarios.",2019,machine learning,http://arxiv.org/abs/1905.06549v2
Isoelastic Agents and Wealth Updates in Machine Learning Markets,"Recently, prediction markets have shown considerable promise for developing flexible mechanisms for machine learning. In this paper, agents with isoelastic utilities are considered. It is shown that the costs associated with homogeneous markets of agents with isoelastic utilities produce equilibrium prices corresponding to alpha-mixtures, with a particular form of mixing component relating to each agent's wealth. We also demonstrate that wealth accumulation for logarithmic and other isoelastic agents (through payoffs on prediction of training targets) can implement both Bayesian model updates and mixture weight updates by imposing different market payoff structures. An iterative algorithm is given for market equilibrium computation. We demonstrate that inhomogeneous markets of agents with isoelastic utilities outperform state of the art aggregate classifiers such as random forests, as well as single classifiers (neural networks, decision trees) on a number of machine learning benchmarks, and show that isoelastic combination methods are generally better than their logarithmic counterparts.",2012,machine learning,http://arxiv.org/abs/1206.6443v2
"Machine Learning in Python: Main developments and technology trends in data science, machine learning, and artificial intelligence","Smarter applications are making better use of the insights gleaned from data, having an impact on every industry and research discipline. At the core of this revolution lies the tools and the methods that are driving it, from processing the massive piles of data generated each day to learning from and taking useful action. Deep neural networks, along with advancements in classical ML and scalable general-purpose GPU computing, have become critical components of artificial intelligence, enabling many of these astounding breakthroughs and lowering the barrier to adoption. Python continues to be the most preferred language for scientific computing, data science, and machine learning, boosting both performance and productivity by enabling the use of low-level libraries and clean high-level APIs. This survey offers insight into the field of machine learning with Python, taking a tour through important topics to identify some of the core hardware and software paradigms that have enabled it. We cover widely-used libraries and concepts, collected together for holistic comparison, with the goal of educating the reader and driving the field of Python machine learning forward.",2020,machine learning,http://arxiv.org/abs/2002.04803v2
RESIST: Resilient Decentralized Learning Using Consensus Gradient Descent,"Empirical risk minimization (ERM) is a cornerstone of modern machine learning. This paper focuses on the man-in-the-middle (MITM) attack, wherein adversaries exploit communication vulnerabilities between devices to inject malicious updates during training. To address this challenge, we propose RESIST (Resilient dEcentralized learning using conSensus gradIent deScenT), an optimization algorithm designed to be robust against adversarially compromised communication links. RESIST uses a multistep consensus gradient descent framework with robust-statistics-based screening of neighbor messages. It has a design parameter $J$ that controls the frequency of local gradient computation: each local gradient update is preceded by $J-1$ communication and robust aggregation rounds. Compared with methods that perform both communication and a local gradient update at every iteration, RESIST with $J>2$ uses fewer local gradient updates at the same communication budget. We establish geometric algorithmic convergence guarantees for strongly convex and Polyak-Lojasiewicz ERM problems, and sublinear and finite-horizon guarantees for smooth nonconvex ERM problems. For heterogeneous local objectives, these guarantees quantify neighborhoods for the relevant iterate, objective-value, and stationarity errors. In the strongly convex homogeneous case, convergence becomes exact. We also establish statistical learning-rate guarantees under common-population independent and identically distributed sampling assumptions, including regimes in which the statistical error vanishes as the sample size grows. Experimental results demonstrate the robustness of RESIST across diverse attack strategies, screening methods, and loss functions. The $J$-ablation experiments further show that larger $J$ can improve convergence and reduce the number of local gradient updates at a fixed communication budget.",2025,machine learning,http://arxiv.org/abs/2502.07977v3
Law and Adversarial Machine Learning,"When machine learning systems fail because of adversarial manipulation, how should society expect the law to respond? Through scenarios grounded in adversarial ML literature, we explore how some aspects of computer crime, copyright, and tort law interface with perturbation, poisoning, model stealing and model inversion attacks to show how some attacks are more likely to result in liability than others. We end with a call for action to ML researchers to invest in transparent benchmarks of attacks and defenses; architect ML systems with forensics in mind and finally, think more about adversarial machine learning in the context of civil liberties. The paper is targeted towards ML researchers who have no legal background.",2018,machine learning,http://arxiv.org/abs/1810.10731v3
A Machine Learning Approach for Recruitment Prediction in Clinical Trial Design,"Significant advancements have been made in recent years to optimize patient recruitment for clinical trials, however, improved methods for patient recruitment prediction are needed to support trial site selection and to estimate appropriate enrollment timelines in the trial design stage. In this paper, using data from thousands of historical clinical trials, we explore machine learning methods to predict the number of patients enrolled per month at a clinical trial site over the course of a trial's enrollment duration. We show that these methods can reduce the error that is observed with current industry standards and propose opportunities for further improvement.",2021,machine learning,http://arxiv.org/abs/2111.07407v1
SmartChoices: Hybridizing Programming and Machine Learning,"We present SmartChoices, an approach to making machine learning (ML) a first class citizen in programming languages which we see as one way to lower the entrance cost to applying ML to problems in new domains. There is a growing divide in approaches to building systems: on the one hand, programming leverages human experts to define a system while on the other hand behavior is learned from data in machine learning. We propose to hybridize these two by providing a 3-call API which we expose through an object called SmartChoice. We describe the SmartChoices-interface, how it can be used in programming with minimal code changes, and demonstrate that it is an easy to use but still powerful tool by demonstrating improvements over not using ML at all on three algorithmic problems: binary search, QuickSort, and caches. In these three examples, we replace the commonly used heuristics with an ML model entirely encapsulated within a SmartChoice and thus requiring minimal code changes. As opposed to previous work applying ML to algorithmic problems, our proposed approach does not require to drop existing implementations but seamlessly integrates into the standard software development workflow and gives full control to the software developer over how ML methods are applied. Our implementation relies on standard Reinforcement Learning (RL) methods. To learn faster, we use the heuristic function, which they are replacing, as an initial function. We show how this initial function can be used to speed up and stabilize learning while providing a safety net that prevents performance to become substantially worse -- allowing for a safe deployment in critical applications in real life.",2018,machine learning,http://arxiv.org/abs/1810.00619v3
Towards CRISP-ML(Q): A Machine Learning Process Model with Quality Assurance Methodology,"Machine learning is an established and frequently used technique in industry and academia but a standard process model to improve success and efficiency of machine learning applications is still missing. Project organizations and machine learning practitioners have a need for guidance throughout the life cycle of a machine learning application to meet business expectations. We therefore propose a process model for the development of machine learning applications, that covers six phases from defining the scope to maintaining the deployed machine learning application. The first phase combines business and data understanding as data availability oftentimes affects the feasibility of the project. The sixth phase covers state-of-the-art approaches for monitoring and maintenance of a machine learning applications, as the risk of model degradation in a changing environment is eminent. With each task of the process, we propose quality assurance methodology that is suitable to adress challenges in machine learning development that we identify in form of risks. The methodology is drawn from practical experience and scientific literature and has proven to be general and stable. The process model expands on CRISP-DM, a data mining process model that enjoys strong industry support but lacks to address machine learning specific tasks. Our work proposes an industry and application neutral process model tailored for machine learning applications with focus on technical tasks for quality assurance.",2020,machine learning,http://arxiv.org/abs/2003.05155v2
Unfairness towards subjective opinions in Machine Learning,"Despite the high interest for Machine Learning (ML) in academia and industry, many issues related to the application of ML to real-life problems are yet to be addressed. Here we put forward one limitation which arises from a lack of adaptation of ML models and datasets to specific applications. We formalise a new notion of unfairness as exclusion of opinions. We propose ways to quantify this unfairness, and aid understanding its causes through visualisation. These insights into the functioning of ML-based systems hint at methods to mitigate unfairness.",2019,machine learning,http://arxiv.org/abs/1911.02455v1
U-Fair: Uncertainty-based Multimodal Multitask Learning for Fairer Depression Detection,"Machine learning bias in mental health is becoming an increasingly pertinent challenge. Despite promising efforts indicating that multitask approaches often work better than unitask approaches, there is minimal work investigating the impact of multitask learning on performance and fairness in depression detection nor leveraged it to achieve fairer prediction outcomes. In this work, we undertake a systematic investigation of using a multitask approach to improve performance and fairness for depression detection. We propose a novel gender-based task-reweighting method using uncertainty grounded in how the PHQ-8 questionnaire is structured. Our results indicate that, although a multitask approach improves performance and fairness compared to a unitask approach, the results are not always consistent and we see evidence of negative transfer and a reduction in the Pareto frontier, which is concerning given the high-stake healthcare setting. Our proposed approach of gender-based reweighting with uncertainty improves performance and fairness and alleviates both challenges to a certain extent. Our findings on each PHQ-8 subitem task difficulty are also in agreement with the largest study conducted on the PHQ-8 subitem discrimination capacity, thus providing the very first tangible evidence linking ML findings with large-scale empirical population studies conducted on the PHQ-8.",2025,machine learning,http://arxiv.org/abs/2501.09687v1
An Inertial Newton Algorithm for Deep Learning,"We introduce a new second-order inertial optimization method for machine learning called INNA. It exploits the geometry of the loss function while only requiring stochastic approximations of the function values and the generalized gradients. This makes INNA fully implementable and adapted to large-scale optimization problems such as the training of deep neural networks. The algorithm combines both gradient-descent and Newton-like behaviors as well as inertia. We prove the convergence of INNA for most deep learning problems. To do so, we provide a well-suited framework to analyze deep learning loss functions involving tame optimization in which we study a continuous dynamical system together with its discrete stochastic approximations. We prove sublinear convergence for the continuous-time differential inclusion which underlies our algorithm. Additionally, we also show how standard optimization mini-batch methods applied to non-smooth non-convex problems can yield a certain type of spurious stationary points never discussed before. We address this issue by providing a theoretical framework around the new idea of $D$-criticality; we then give a simple asymptotic analysis of INNA. Our algorithm allows for using an aggressive learning rate of $o(1/\log k)$. From an empirical viewpoint, we show that INNA returns competitive results with respect to state of the art (stochastic gradient descent, ADAGRAD, ADAM) on popular deep learning benchmark problems.",2019,machine learning,http://arxiv.org/abs/1905.12278v6
Alpha MAML: Adaptive Model-Agnostic Meta-Learning,"Model-agnostic meta-learning (MAML) is a meta-learning technique to train a model on a multitude of learning tasks in a way that primes the model for few-shot learning of new tasks. The MAML algorithm performs well on few-shot learning problems in classification, regression, and fine-tuning of policy gradients in reinforcement learning, but comes with the need for costly hyperparameter tuning for training stability. We address this shortcoming by introducing an extension to MAML, called Alpha MAML, to incorporate an online hyperparameter adaptation scheme that eliminates the need to tune meta-learning and learning rates. Our results with the Omniglot database demonstrate a substantial reduction in the need to tune MAML training hyperparameters and improvement to training stability with less sensitivity to hyperparameter choice.",2019,machine learning,http://arxiv.org/abs/1905.07435v1
Evaluating Machine Learning Models for Supernova Gravitational Wave Signal Classification,"We investigate the potential of using gravitational wave (GW) signals from rotating core-collapse supernovae to probe the equation of state (EOS) of nuclear matter. By generating GW signals from simulations with various EOSs, we train machine learning models to classify them and evaluate their performance. Our study builds on previous work by examining how different machine learning models, parameters, and data preprocessing techniques impact classification accuracy. We test convolutional and recurrent neural networks, as well as six classical algorithms: random forest, support vector machines, naïve Bayes, logistic regression, $k$-nearest neighbors, and eXtreme gradient boosting. All models, except naïve Bayes, achieve over 90 per cent accuracy on our dataset. Additionally, we assess the impact of approximating the GW signal using the general relativistic effective potential (GREP) on EOS classification. We find that models trained on GREP data exhibit low classification accuracy. However, normalizing time by the peak signal frequency, which partially compensates for the absence of the time dilation effect in GREP, leads to a notable improvement in accuracy. Despite this, the accuracy does not exceed 70 per cent, suggesting that GREP lacks the precision necessary for EOS classification. Finally, our study has several limitations, including the omission of detector noise and the focus on a single progenitor mass model, which will be addressed in future works.",2024,machine learning,http://arxiv.org/abs/2409.14508v2
Automatic Layout Generation with Applications in Machine Learning Engine Evaluation,"Machine learning-based lithography hotspot detection has been deeply studied recently, from varies feature extraction techniques to efficient learning models. It has been observed that such machine learning-based frameworks are providing satisfactory metal layer hotspot prediction results on known public metal layer benchmarks. In this work, we seek to evaluate how these machine learning-based hotspot detectors generalize to complicated patterns. We first introduce a automatic layout generation tool that can synthesize varies layout patterns given a set of design rules. The tool currently supports both metal layer and via layer generation. As a case study, we conduct hotspot detection on the generated via layer layouts with representative machine learning-based hotspot detectors, which shows that continuous study on model robustness and generality is necessary to prototype and integrate the learning engines in DFM flows. The source code of the layout generation tool will be available at https://github. com/phdyang007/layout-generation.",2019,machine learning,http://arxiv.org/abs/1912.05796v1
Asymptotics of Network Embeddings Learned via Subsampling,"Network data are ubiquitous in modern machine learning, with tasks of interest including node classification, node clustering and link prediction. A frequent approach begins by learning an Euclidean embedding of the network, to which algorithms developed for vector-valued data are applied. For large networks, embeddings are learned using stochastic gradient methods where the sub-sampling scheme can be freely chosen. Despite the strong empirical performance of such methods, they are not well understood theoretically. Our work encapsulates representation methods using a subsampling approach, such as node2vec, into a single unifying framework. We prove, under the assumption that the graph is exchangeable, that the distribution of the learned embedding vectors asymptotically decouples. Moreover, we characterize the asymptotic distribution and provided rates of convergence, in terms of the latent parameters, which includes the choice of loss function and the embedding dimension. This provides a theoretical foundation to understand what the embedding vectors represent and how well these methods perform on downstream tasks. Notably, we observe that typically used loss functions may lead to shortcomings, such as a lack of Fisher consistency.",2021,machine learning,http://arxiv.org/abs/2107.02363v4
InfoGram and Admissible Machine Learning,"We have entered a new era of machine learning (ML), where the most accurate algorithm with superior predictive power may not even be deployable, unless it is admissible under the regulatory constraints. This has led to great interest in developing fair, transparent and trustworthy ML methods. The purpose of this article is to introduce a new information-theoretic learning framework (admissible machine learning) and algorithmic risk-management tools (InfoGram, L-features, ALFA-testing) that can guide an analyst to redesign off-the-shelf ML methods to be regulatory compliant, while maintaining good prediction accuracy. We have illustrated our approach using several real-data examples from financial sectors, biomedical research, marketing campaigns, and the criminal justice system.",2021,machine learning,http://arxiv.org/abs/2108.07380v2
Model-Agnostic Interpretability of Machine Learning,"Understanding why machine learning models behave the way they do empowers both system designers and end-users in many ways: in model selection, feature engineering, in order to trust and act upon the predictions, and in more intuitive user interfaces. Thus, interpretability has become a vital concern in machine learning, and work in the area of interpretable models has found renewed interest. In some applications, such models are as accurate as non-interpretable ones, and thus are preferred for their transparency. Even when they are not accurate, they may still be preferred when interpretability is of paramount importance. However, restricting machine learning to interpretable models is often a severe limitation. In this paper we argue for explaining machine learning predictions using model-agnostic approaches. By treating the machine learning models as black-box functions, these approaches provide crucial flexibility in the choice of models, explanations, and representations, improving debugging, comparison, and interfaces for a variety of users and models. We also outline the main challenges for such methods, and review a recently-introduced model-agnostic explanation approach (LIME) that addresses these challenges.",2016,machine learning,http://arxiv.org/abs/1606.05386v1
ReSet: Learning Recurrent Dynamic Routing in ResNet-like Neural Networks,"Neural Network is a powerful Machine Learning tool that shows outstanding performance in Computer Vision, Natural Language Processing, and Artificial Intelligence. In particular, recently proposed ResNet architecture and its modifications produce state-of-the-art results in image classification problems. ResNet and most of the previously proposed architectures have a fixed structure and apply the same transformation to all input images. In this work, we develop a ResNet-based model that dynamically selects Computational Units (CU) for each input object from a learned set of transformations. Dynamic selection allows the network to learn a sequence of useful transformations and apply only required units to predict the image label. We compare our model to ResNet-38 architecture and achieve better results than the original ResNet on CIFAR-10.1 test set. While examining the produced paths, we discovered that the network learned different routes for images from different classes and similar routes for similar images.",2018,machine learning,http://arxiv.org/abs/1811.04380v1
On Hyperparameter Optimization of Machine Learning Algorithms: Theory and Practice,"Machine learning algorithms have been used widely in various applications and areas. To fit a machine learning model into different problems, its hyper-parameters must be tuned. Selecting the best hyper-parameter configuration for machine learning models has a direct impact on the model's performance. It often requires deep knowledge of machine learning algorithms and appropriate hyper-parameter optimization techniques. Although several automatic optimization techniques exist, they have different strengths and drawbacks when applied to different types of problems. In this paper, optimizing the hyper-parameters of common machine learning models is studied. We introduce several state-of-the-art optimization techniques and discuss how to apply them to machine learning algorithms. Many available libraries and frameworks developed for hyper-parameter optimization problems are provided, and some open challenges of hyper-parameter optimization research are also discussed in this paper. Moreover, experiments are conducted on benchmark datasets to compare the performance of different optimization methods and provide practical examples of hyper-parameter optimization. This survey paper will help industrial users, data analysts, and researchers to better develop machine learning models by identifying the proper hyper-parameter configurations effectively.",2020,machine learning,http://arxiv.org/abs/2007.15745v3
AutoML-Zero: Evolving Machine Learning Algorithms From Scratch,"Machine learning research has advanced in multiple aspects, including model structures and learning methods. The effort to automate such research, known as AutoML, has also made significant progress. However, this progress has largely focused on the architecture of neural networks, where it has relied on sophisticated expert-designed layers as building blocks---or similarly restrictive search spaces. Our goal is to show that AutoML can go further: it is possible today to automatically discover complete machine learning algorithms just using basic mathematical operations as building blocks. We demonstrate this by introducing a novel framework that significantly reduces human bias through a generic search space. Despite the vastness of this space, evolutionary search can still discover two-layer neural networks trained by backpropagation. These simple neural networks can then be surpassed by evolving directly on tasks of interest, e.g. CIFAR-10 variants, where modern techniques emerge in the top algorithms, such as bilinear interactions, normalized gradients, and weight averaging. Moreover, evolution adapts algorithms to different task types: e.g., dropout-like techniques appear when little data is available. We believe these preliminary successes in discovering machine learning algorithms from scratch indicate a promising new direction for the field.",2020,machine learning,http://arxiv.org/abs/2003.03384v2
An Open Natural Language Processing Development Framework for EHR-based Clinical Research: A case demonstration using the National COVID Cohort Collaborative (N3C),"While we pay attention to the latest advances in clinical natural language processing (NLP), we can notice some resistance in the clinical and translational research community to adopt NLP models due to limited transparency, interpretability, and usability. In this study, we proposed an open natural language processing development framework. We evaluated it through the implementation of NLP algorithms for the National COVID Cohort Collaborative (N3C). Based on the interests in information extraction from COVID-19 related clinical notes, our work includes 1) an open data annotation process using COVID-19 signs and symptoms as the use case, 2) a community-driven ruleset composing platform, and 3) a synthetic text data generation workflow to generate texts for information extraction tasks without involving human subjects. The corpora were derived from texts from three different institutions (Mayo Clinic, University of Kentucky, University of Minnesota). The gold standard annotations were tested with a single institution's (Mayo) ruleset. This resulted in performances of 0.876, 0.706, and 0.694 in F-scores for Mayo, Minnesota, and Kentucky test datasets, respectively. The study as a consortium effort of the N3C NLP subgroup demonstrates the feasibility of creating a federated NLP algorithm development and benchmarking platform to enhance multi-institution clinical NLP study and adoption. Although we use COVID-19 as a use case in this effort, our framework is general enough to be applied to other domains of interest in clinical NLP.",2021,natural language processing,http://arxiv.org/abs/2110.10780v3
A Comprehensive Review of State-of-The-Art Methods for Java Code Generation from Natural Language Text,"Java Code Generation consists in generating automatically Java code from a Natural Language Text. This NLP task helps in increasing programmers' productivity by providing them with immediate solutions to the simplest and most repetitive tasks. Code generation is a challenging task because of the hard syntactic rules and the necessity of a deep understanding of the semantic aspect of the programming language. Many works tried to tackle this task using either RNN-based, or Transformer-based models. The latter achieved remarkable advancement in the domain and they can be divided into three groups: (1) encoder-only models, (2) decoder-only models, and (3) encoder-decoder models. In this paper, we provide a comprehensive review of the evolution and progress of deep learning models in Java code generation task. We focus on the most important methods and present their merits and limitations, as well as the objective functions used by the community. In addition, we provide a detailed description of datasets and evaluation metrics used in the literature. Finally, we discuss results of different models on CONCODE dataset, then propose some future directions.",2023,natural language processing,http://arxiv.org/abs/2306.06371v1
Towards the Study of Morphological Processing of the Tangkhul Language,"There is no or little work on natural language processing of Tangkhul language. The current work is a humble beginning of morphological processing of this language using an unsupervised approach. We use a small corpus collected from different sources of text books, short stories and articles of other topics. Based on the experiments carried out, the morpheme identification task using morphessor gives reasonable and interesting output despite using a small corpus.",2020,natural language processing,http://arxiv.org/abs/2006.16212v1
An Automated Multiple-Choice Question Generation Using Natural Language Processing Techniques,"Automatic multiple-choice question generation (MCQG) is a useful yet challenging task in Natural Language Processing (NLP). It is the task of automatic generation of correct and relevant questions from textual data. Despite its usefulness, manually creating sizeable, meaningful and relevant questions is a time-consuming and challenging task for teachers. In this paper, we present an NLP-based system for automatic MCQG for Computer-Based Testing Examination (CBTE).We used NLP technique to extract keywords that are important words in a given lesson material. To validate that the system is not perverse, five lesson materials were used to check the effectiveness and efficiency of the system. The manually extracted keywords by the teacher were compared to the auto-generated keywords and the result shows that the system was capable of extracting keywords from lesson materials in setting examinable questions. This outcome is presented in a user-friendly interface for easy accessibility.",2021,natural language processing,http://arxiv.org/abs/2103.14757v1
SpeechPrompt: Prompting Speech Language Models for Speech Processing Tasks,"Prompting has become a practical method for utilizing pre-trained language models (LMs). This approach offers several advantages. It allows an LM to adapt to new tasks with minimal training and parameter updates, thus achieving efficiency in both storage and computation. Additionally, prompting modifies only the LM's inputs and harnesses the generative capabilities of language models to address various downstream tasks in a unified manner. This significantly reduces the need for human labor in designing task-specific models. These advantages become even more evident as the number of tasks served by the LM scales up. Motivated by the strengths of prompting, we are the first to explore the potential of prompting speech LMs in the domain of speech processing. Recently, there has been a growing interest in converting speech into discrete units for language modeling. Our pioneer research demonstrates that these quantized speech units are highly versatile within our unified prompting framework. Not only can they serve as class labels, but they also contain rich phonetic information that can be re-synthesized back into speech signals for speech generation tasks. Specifically, we reformulate speech processing tasks into speech-to-unit generation tasks. As a result, we can seamlessly integrate tasks such as speech classification, sequence generation, and speech generation within a single, unified prompting framework. The experiment results show that the prompting method can achieve competitive performance compared to the strong fine-tuning method based on self-supervised learning models with a similar number of trainable parameters. The prompting method also shows promising results in the few-shot setting. Moreover, with the advanced speech LMs coming into the stage, the proposed prompting framework attains great potential.",2024,natural language processing,http://arxiv.org/abs/2408.13040v1
"Time, Tense and Aspect in Natural Language Database Interfaces","Most existing natural language database interfaces (NLDBs) were designed to be used with database systems that provide very limited facilities for manipulating time-dependent data, and they do not support adequately temporal linguistic mechanisms (verb tenses, temporal adverbials, temporal subordinate clauses, etc.). The database community is becoming increasingly interested in temporal database systems, that are intended to store and manipulate in a principled manner information not only about the present, but also about the past and future. When interfacing to temporal databases, supporting temporal linguistic mechanisms becomes crucial.   We present a framework for constructing natural language interfaces for temporal databases (NLTDBs), that draws on research in tense and aspect theories, temporal logics, and temporal databases. The framework consists of a temporal intermediate representation language, called TOP, an HPSG grammar that maps a wide range of questions involving temporal mechanisms to appropriate TOP expressions, and a provably correct method for translating from TOP to TSQL2, TSQL2 being a recently proposed temporal extension of the SQL database language. This framework was employed to implement a prototype NLTDB using ALE and Prolog.",1998,natural language processing,http://arxiv.org/abs/cmp-lg/9803002v1
Modular Mechanistic Networks: On Bridging Mechanistic and Phenomenological Models with Deep Neural Networks in Natural Language Processing,"Natural language processing (NLP) can be done using either top-down (theory driven) and bottom-up (data driven) approaches, which we call mechanistic and phenomenological respectively. The approaches are frequently considered to stand in opposition to each other. Examining some recent approaches in deep learning we argue that deep neural networks incorporate both perspectives and, furthermore, that leveraging this aspect of deep learning may help in solving complex problems within language technology, such as modelling language and perception in the domain of spatial cognition.",2018,natural language processing,http://arxiv.org/abs/1807.09844v2
Challenges Encountered in Turkish Natural Language Processing Studies,"Natural language processing is a branch of computer science that combines artificial intelligence with linguistics. It aims to analyze a language element such as writing or speaking with software and convert it into information. Considering that each language has its own grammatical rules and vocabulary diversity, the complexity of the studies in this field is somewhat understandable. For instance, Turkish is a very interesting language in many ways. Examples of this are agglutinative word structure, consonant/vowel harmony, a large number of productive derivational morphemes (practically infinite vocabulary), derivation and syntactic relations, a complex emphasis on vocabulary and phonological rules. In this study, the interesting features of Turkish in terms of natural language processing are mentioned. In addition, summary info about natural language processing techniques, systems and various sources developed for Turkish are given.",2021,natural language processing,http://arxiv.org/abs/2101.11436v1
Exploring the Landscape of Natural Language Processing Research,"As an efficient approach to understand, generate, and process natural language texts, research in natural language processing (NLP) has exhibited a rapid spread and wide adoption in recent years. Given the increasing research work in this area, several NLP-related approaches have been surveyed in the research community. However, a comprehensive study that categorizes established topics, identifies trends, and outlines areas for future research remains absent. Contributing to closing this gap, we have systematically classified and analyzed research papers in the ACL Anthology. As a result, we present a structured overview of the research landscape, provide a taxonomy of fields of study in NLP, analyze recent developments in NLP, summarize our findings, and highlight directions for future work.",2023,natural language processing,http://arxiv.org/abs/2307.10652v5
PyThaiNLP: Thai Natural Language Processing in Python,"We present PyThaiNLP, a free and open-source natural language processing (NLP) library for Thai language implemented in Python. It provides a wide range of software, models, and datasets for Thai language. We first provide a brief historical context of tools for Thai language prior to the development of PyThaiNLP. We then outline the functionalities it provided as well as datasets and pre-trained language models. We later summarize its development milestones and discuss our experience during its development. We conclude by demonstrating how industrial and research communities utilize PyThaiNLP in their work. The library is freely available at https://github.com/pythainlp/pythainlp.",2023,natural language processing,http://arxiv.org/abs/2312.04649v1
FASTUS: A Cascaded Finite-State Transducer for Extracting Information from Natural-Language Text,"FASTUS is a system for extracting information from natural language text for entry into a database and for other applications. It works essentially as a cascaded, nondeterministic finite-state automaton. There are five stages in the operation of FASTUS. In Stage 1, names and other fixed form expressions are recognized. In Stage 2, basic noun groups, verb groups, and prepositions and some other particles are recognized. In Stage 3, certain complex noun groups and verb groups are constructed. Patterns for events of interest are identified in Stage 4 and corresponding ``event structures'' are built. In Stage 5, distinct event structures that describe the same event are identified and merged, and these are used in generating database entries. This decomposition of language processing enables the system to do exactly the right amount of domain-independent syntax, so that domain-dependent semantic and pragmatic processing can be applied to the right larger-scale structures. FASTUS is very efficient and effective, and has been used successfully in a number of applications.",1997,natural language processing,http://arxiv.org/abs/cmp-lg/9705013v1
"Situated Data, Situated Systems: A Methodology to Engage with Power Relations in Natural Language Processing Research","We propose a bias-aware methodology to engage with power relations in natural language processing (NLP) research. NLP research rarely engages with bias in social contexts, limiting its ability to mitigate bias. While researchers have recommended actions, technical methods, and documentation practices, no methodology exists to integrate critical reflections on bias with technical NLP methods. In this paper, after an extensive and interdisciplinary literature review, we contribute a bias-aware methodology for NLP research. We also contribute a definition of biased text, a discussion of the implications of biased NLP systems, and a case study demonstrating how we are executing the bias-aware methodology in research on archival metadata descriptions.",2020,natural language processing,http://arxiv.org/abs/2011.05911v1
Natural Language Processing for Requirements Traceability,"Traceability, the ability to trace relevant software artifacts to support reasoning about the quality of the software and its development process, plays a crucial role in requirements and software engineering, particularly for safety-critical systems. In this chapter, we provide a comprehensive overview of the representative tasks in requirement traceability for which natural language processing (NLP) and related techniques have made considerable progress in the past decade. We first present the definition of traceability in the context of requirements and the overall engineering process, as well as other important concepts related to traceability tasks. Then, we discuss two tasks in detail, including trace link recovery and trace link maintenance. We also introduce two other related tasks concerning when trace links are used in practical contexts. For each task, we explain the characteristics of the task, how it can be approached through NLP techniques, and how to design and conduct the experiment to demonstrate the performance of the NLP techniques. We further discuss practical considerations on how to effectively apply NLP techniques and assess their effectiveness regarding the data set collection, the metrics selection, and the role of humans when evaluating the NLP approaches. Overall, this chapter prepares the readers with the fundamental knowledge of designing automated traceability solutions enabled by NLP in practice.",2024,natural language processing,http://arxiv.org/abs/2405.10845v1
Comparative Analysis of Word Embeddings for Capturing Word Similarities,"Distributed language representation has become the most widely used technique for language representation in various natural language processing tasks. Most of the natural language processing models that are based on deep learning techniques use already pre-trained distributed word representations, commonly called word embeddings. Determining the most qualitative word embeddings is of crucial importance for such models. However, selecting the appropriate word embeddings is a perplexing task since the projected embedding space is not intuitive to humans. In this paper, we explore different approaches for creating distributed word representations. We perform an intrinsic evaluation of several state-of-the-art word embedding methods. Their performance on capturing word similarities is analysed with existing benchmark datasets for word pairs similarities. The research in this paper conducts a correlation analysis between ground truth word similarities and similarities obtained by different word embedding methods.",2020,natural language processing,http://arxiv.org/abs/2005.03812v1
This Reads Like That: Deep Learning for Interpretable Natural Language Processing,"Prototype learning, a popular machine learning method designed for inherently interpretable decisions, leverages similarities to learned prototypes for classifying new data. While it is mainly applied in computer vision, in this work, we build upon prior research and further explore the extension of prototypical networks to natural language processing. We introduce a learned weighted similarity measure that enhances the similarity computation by focusing on informative dimensions of pre-trained sentence embeddings. Additionally, we propose a post-hoc explainability mechanism that extracts prediction-relevant words from both the prototype and input sentences. Finally, we empirically demonstrate that our proposed method not only improves predictive performance on the AG News and RT Polarity datasets over a previous prototype-based approach, but also improves the faithfulness of explanations compared to rationale-based recurrent convolutions.",2023,natural language processing,http://arxiv.org/abs/2310.17010v1
Image-based Natural Language Understanding Using 2D Convolutional Neural Networks,"We propose a new approach to natural language understanding in which we consider the input text as an image and apply 2D Convolutional Neural Networks to learn the local and global semantics of the sentences from the variations ofthe visual patterns of words. Our approach demonstrates that it is possible to get semantically meaningful features from images with text without using optical character recognition and sequential processing pipelines, techniques that traditional Natural Language Understanding algorithms require. To validate our approach, we present results for two applications: text classification and dialog modeling. Using a 2D Convolutional Neural Network, we were able to outperform the state-of-art accuracy results of non-Latin alphabet-based text classification and achieved promising results for eight text classification datasets. Furthermore, our approach outperformed the memory networks when using out of vocabulary entities fromtask 4 of the bAbI dialog dataset.",2018,natural language processing,http://arxiv.org/abs/1810.10401v2
Large Language Models and Multimodal Retrieval for Visual Word Sense Disambiguation,"Visual Word Sense Disambiguation (VWSD) is a novel challenging task with the goal of retrieving an image among a set of candidates, which better represents the meaning of an ambiguous word within a given context. In this paper, we make a substantial step towards unveiling this interesting task by applying a varying set of approaches. Since VWSD is primarily a text-image retrieval task, we explore the latest transformer-based methods for multimodal retrieval. Additionally, we utilize Large Language Models (LLMs) as knowledge bases to enhance the given phrases and resolve ambiguity related to the target word. We also study VWSD as a unimodal problem by converting to text-to-text and image-to-image retrieval, as well as question-answering (QA), to fully explore the capabilities of relevant models. To tap into the implicit knowledge of LLMs, we experiment with Chain-of-Thought (CoT) prompting to guide explainable answer generation. On top of all, we train a learn to rank (LTR) model in order to combine our different modules, achieving competitive ranking results. Extensive experiments on VWSD demonstrate valuable insights to effectively drive future directions.",2023,natural language processing,http://arxiv.org/abs/2310.14025v1
A Holistic Natural Language Generation Framework for the Semantic Web,"With the ever-growing generation of data for the Semantic Web comes an increasing demand for this data to be made available to non-semantic Web experts. One way of achieving this goal is to translate the languages of the Semantic Web into natural language. We present LD2NL, a framework for verbalizing the three key languages of the Semantic Web, i.e., RDF, OWL, and SPARQL. Our framework is based on a bottom-up approach to verbalization. We evaluated LD2NL in an open survey with 86 persons. Our results suggest that our framework can generate verbalizations that are close to natural languages and that can be easily understood by non-experts. Therewith, it enables non-domain experts to interpret Semantic Web data with more than 91\% of the accuracy of domain experts.",2019,natural language processing,http://arxiv.org/abs/1911.01248v1
Practical Guidelines for the Selection and Evaluation of Natural Language Processing Techniques in Requirements Engineering,"Natural Language Processing (NLP) is now a cornerstone of requirements automation. One compelling factor behind the growing adoption of NLP in Requirements Engineering (RE) is the prevalent use of natural language (NL) for specifying requirements in industry. NLP techniques are commonly used for automatically classifying requirements, extracting important information, e.g., domain models and glossary terms, and performing quality assurance tasks, such as ambiguity handling and completeness checking. With so many different NLP solution strategies available and the possibility of applying machine learning alongside, it can be challenging to choose the right strategy for a specific RE task and to evaluate the resulting solution in an empirically rigorous manner. In this chapter, we present guidelines for the selection of NLP techniques as well as for their evaluation in the context of RE. In particular, we discuss how to choose among different strategies such as traditional NLP, feature-based machine learning, and language-model-based methods. Our ultimate hope for this chapter is to serve as a stepping stone, assisting newcomers to NLP4RE in quickly initiating themselves into the NLP technologies most pertinent to the RE field.",2024,natural language processing,http://arxiv.org/abs/2401.01508v3
Retrospex: Language Agent Meets Offline Reinforcement Learning Critic,"Large Language Models (LLMs) possess extensive knowledge and commonsense reasoning capabilities, making them valuable for creating powerful agents. However, existing LLM agent frameworks have not fully utilized past experiences for improvement. This work introduces a new LLM-based agent framework called Retrospex, which addresses this challenge by analyzing past experiences in depth. Unlike previous approaches, Retrospex does not directly integrate experiences into the LLM's context. Instead, it combines the LLM's action likelihood with action values estimated by a Reinforcement Learning (RL) Critic, which is trained on past experiences through an offline ''retrospection'' process. Additionally, Retrospex employs a dynamic action rescoring mechanism that increases the importance of experience-based values for tasks that require more interaction with the environment. We evaluate Retrospex in ScienceWorld, ALFWorld and Webshop environments, demonstrating its advantages over strong, contemporary baselines.",2025,natural language processing,http://arxiv.org/abs/2505.11807v2
Case Studies on using Natural Language Processing Techniques in Customer Relationship Management Software,"How can a text corpus stored in a customer relationship management (CRM) database be used for data mining and segmentation? In order to answer this question we inherited the state of the art methods commonly used in natural language processing (NLP) literature, such as word embeddings, and deep learning literature, such as recurrent neural networks (RNN). We used the text notes from a CRM system which are taken by customer representatives of an internet ads consultancy agency between years 2009 and 2020. We trained word embeddings by using the corresponding text corpus and showed that these word embeddings can not only be used directly for data mining but also be used in RNN architectures, which are deep learning frameworks built with long short term memory (LSTM) units, for more comprehensive segmentation objectives. The results prove that structured text data in a CRM can be used to mine out very valuable information and any CRM can be equipped with useful NLP features once the problem definitions are properly built and the solution methods are conveniently implemented.",2021,natural language processing,http://arxiv.org/abs/2106.05160v1
NLTK: The Natural Language Toolkit,"NLTK, the Natural Language Toolkit, is a suite of open source program modules, tutorials and problem sets, providing ready-to-use computational linguistics courseware. NLTK covers symbolic and statistical natural language processing, and is interfaced to annotated corpora. Students augment and replace existing components, learn structured programming by example, and manipulate sophisticated models from the outset.",2002,natural language processing,http://arxiv.org/abs/cs/0205028v1
Are Compressed Language Models Less Subgroup Robust?,"To reduce the inference cost of large language models, model compression is increasingly used to create smaller scalable models. However, little is known about their robustness to minority subgroups defined by the labels and attributes of a dataset. In this paper, we investigate the effects of 18 different compression methods and settings on the subgroup robustness of BERT language models. We show that worst-group performance does not depend on model size alone, but also on the compression method used. Additionally, we find that model compression does not always worsen the performance on minority subgroups. Altogether, our analysis serves to further research into the subgroup robustness of model compression.",2024,natural language processing,http://arxiv.org/abs/2403.17811v1
Bridging Gaps in Natural Language Processing for Yorùbá: A Systematic Review of a Decade of Progress and Prospects,"Natural Language Processing (NLP) is becoming a dominant subset of artificial intelligence as the need to help machines understand human language looks indispensable. Several NLP applications are ubiquitous, partly due to the myriad of datasets being churned out daily through mediums like social networking sites. However, the growing development has not been evident in most African languages due to the persisting resource limitations, among other issues. Yorùbá language, a tonal and morphologically rich African language, suffers a similar fate, resulting in limited NLP usage. To encourage further research towards improving this situation, this systematic literature review aims to comprehensively analyse studies addressing NLP development for Yorùbá, identifying challenges, resources, techniques, and applications. A well-defined search string from a structured protocol was employed to search, select, and analyse 105 primary studies between 2014 and 2024 from reputable databases. The review highlights the scarcity of annotated corpora, the limited availability of pre-trained language models, and linguistic challenges like tonal complexity and diacritic dependency as significant obstacles. It also revealed the prominent techniques, including rule-based methods, among others. The findings reveal a growing body of multilingual and monolingual resources, even though the field is constrained by socio-cultural factors such as code-switching and the desertion of language for digital usage. This review synthesises existing research, providing a foundation for advancing NLP for Yorùbá and in African languages generally. It aims to guide future research by identifying gaps and opportunities, thereby contributing to the broader inclusion of Yorùbá and other under-resourced African languages in global NLP advancements.",2025,natural language processing,http://arxiv.org/abs/2502.17364v2
Natural Language and Spatial Rules,We develop a system that formally represents spatial semantics concepts within natural language descriptions of spatial arrangements. The system builds on a model of spatial semantics representation according to which words in a sentence are assigned spatial roles and the relations among these roles are represented with spatial relations. We combine our system with the shape grammar formalism that uses shape rules to generate languages (sets) of two-dimensional shapes. Our proposed system consists of pairs of shape rules and verbal rules where the verbal rules describe in English the action of the associated shape rule. We present various types of natural language descriptions of shapes that are successfully parsed by our system and we discuss open questions and challenges we see at the interface of language and perception.,2021,natural language processing,http://arxiv.org/abs/2111.14066v1
Lexpresso: a Controlled Natural Language,"This paper presents an overview of `Lexpresso', a Controlled Natural Language developed at the Defence Science & Technology Organisation as a bidirectional natural language interface to a high-level information fusion system. The paper describes Lexpresso's main features including lexical coverage, expressiveness and range of linguistic syntactic and semantic structures. It also touches on its tight integration with a formal semantic formalism and tentatively classifies it against the PENS system.",2014,natural language processing,http://arxiv.org/abs/1407.1933v1
From Alignment to Advancement: Bootstrapping Audio-Language Alignment with Synthetic Data,"Audio-aware large language models (ALLMs) have recently made great strides in understanding and processing audio inputs. These models are typically adapted from text-based large language models (LLMs) through additional training on audio-related tasks. This adaptation process presents two major limitations. First, ALLMs often suffer from catastrophic forgetting, where crucial textual capabilities like instruction-following are lost after training on audio data. In some cases, models may even hallucinate sounds that are not present in the input audio, raising concerns about reliability. Second, achieving cross-modal alignment between audio and language typically relies on large collections of task-specific question-answer pairs for instruction tuning, making it resource-intensive. To address these issues, previous works have leveraged the backbone LLMs to synthesize general-purpose, caption-style alignment data. In this paper, we propose a data generation framework that produces contrastive-like training data, designed to enhance ALLMs' ability to differentiate between present and absent sounds. We further extend our approach to multi-audio scenarios, enabling the model to either explain differences between audio inputs or produce unified captions that describe all inputs, thereby enhancing audio-language alignment. We refer to the entire ALLM training framework as bootstrapping audio-language alignment via synthetic data generation from backbone LLMs (BALSa). Experimental results indicate that our method effectively mitigates audio hallucinations while reliably maintaining strong performance on audio understanding and reasoning benchmarks, as well as instruction-following skills. Moreover, incorporating multi-audio training further enhances the model's comprehension and reasoning capabilities. Overall, BALSa offers an efficient and scalable approach to developing ALLMs.",2025,natural language processing,http://arxiv.org/abs/2505.20166v3
Specifying Logic Programs in Controlled Natural Language,"Writing specifications for computer programs is not easy since one has to take into account the disparate conceptual worlds of the application domain and of software development. To bridge this conceptual gap we propose controlled natural language as a declarative and application-specific specification language. Controlled natural language is a subset of natural language that can be accurately and efficiently processed by a computer, but is expressive enough to allow natural usage by non-specialists. Specifications in controlled natural language are automatically translated into Prolog clauses, hence become formal and executable. The translation uses a definite clause grammar (DCG) enhanced by feature structures. Inter-text references of the specification, e.g. anaphora, are resolved with the help of discourse representation theory (DRT). The generated Prolog clauses are added to a knowledge base. We have implemented a prototypical specification system that successfully processes the specification of a simple automated teller machine.",1995,natural language processing,http://arxiv.org/abs/cmp-lg/9507009v1
Defining and Evaluating Fair Natural Language Generation,"Our work focuses on the biases that emerge in the natural language generation (NLG) task of sentence completion. In this paper, we introduce a framework of fairness for NLG followed by an evaluation of gender biases in two state-of-the-art language models. Our analysis provides a theoretical formulation for biases in NLG and empirical evidence that existing language generation models embed gender bias.",2020,natural language processing,http://arxiv.org/abs/2008.01548v1
Clinical information extraction for Low-resource languages with Few-shot learning using Pre-trained language models and Prompting,"Automatic extraction of medical information from clinical documents poses several challenges: high costs of required clinical expertise, limited interpretability of model predictions, restricted computational resources and privacy regulations. Recent advances in domain-adaptation and prompting methods showed promising results with minimal training data using lightweight masked language models, which are suited for well-established interpretability methods. We are first to present a systematic evaluation of these methods in a low-resource setting, by performing multi-class section classification on German doctor's letters. We conduct extensive class-wise evaluations supported by Shapley values, to validate the quality of our small training data set and to ensure the interpretability of model predictions. We demonstrate that a lightweight, domain-adapted pretrained model, prompted with just 20 shots, outperforms a traditional classification model by 30.5% accuracy. Our results serve as a process-oriented guideline for clinical information extraction projects working with low-resource.",2024,natural language processing,http://arxiv.org/abs/2403.13369v2
CUPE: Contextless Universal Phoneme Encoder for Language-Agnostic Speech Processing,"Universal phoneme recognition typically requires analyzing long speech segments and language-specific patterns. Many speech processing tasks require pure phoneme representations free from contextual influence, which motivated our development of CUPE - a lightweight model that captures key phoneme features in just 120 milliseconds, about one phoneme's length. CUPE processes short, fixed-width windows independently and, despite fewer parameters than current approaches, achieves competitive cross-lingual performance by learning fundamental acoustic patterns common to all languages. Our extensive evaluation through supervised and self-supervised training on diverse languages, including zero-shot tests on the UCLA Phonetic Corpus, demonstrates strong cross-lingual generalization and reveals that effective universal speech processing is possible through modeling basic acoustic patterns within phoneme-length windows.",2025,natural language processing,http://arxiv.org/abs/2508.15316v1
Constraint Logic Programming for Natural Language Processing,"This paper proposes an evaluation of the adequacy of the constraint logic programming paradigm for natural language processing. Theoretical aspects of this question have been discussed in several works. We adopt here a pragmatic point of view and our argumentation relies on concrete solutions. Using actual contraints (in the CLP sense) is neither easy nor direct. However, CLP can improve parsing techniques in several aspects such as concision, control, efficiency or direct representation of linguistic formalism. This discussion is illustrated by several examples and the presentation of an HPSG parser.",1995,natural language processing,http://arxiv.org/abs/cmp-lg/9504005v1
A Semantic Approach to Negation Detection and Word Disambiguation with Natural Language Processing,"This study aims to demonstrate the methods for detecting negations in a sentence by uniquely evaluating the lexical structure of the text via word-sense disambiguation. The proposed framework examines all the unique features in the various expressions within a text to resolve the contextual usage of all tokens and decipher the effect of negation on sentiment analysis. The application of popular expression detectors skips this important step, thereby neglecting the root words caught in the web of negation and making text classification difficult for machine learning and sentiment analysis. This study adopts the Natural Language Processing (NLP) approach to discover and antonimize words that were negated for better accuracy in text classification using a knowledge base provided by an NLP library called WordHoard. Early results show that our initial analysis improved on traditional sentiment analysis, which sometimes neglects negations or assigns an inverse polarity score. The SentiWordNet analyzer was improved by 35%, the Vader analyzer by 20% and the TextBlob by 6%.",2023,natural language processing,http://arxiv.org/abs/2302.02291v3
Fast Vocabulary Transfer for Language Model Compression,"Real-world business applications require a trade-off between language model performance and size. We propose a new method for model compression that relies on vocabulary transfer. We evaluate the method on various vertical domains and downstream tasks. Our results indicate that vocabulary transfer can be effectively used in combination with other compression techniques, yielding a significant reduction in model size and inference time while marginally compromising on performance.",2024,natural language processing,http://arxiv.org/abs/2402.09977v1
A Novel Task-Oriented Text Corpus in Silent Speech Recognition and its Natural Language Generation Construction Method,"Millions of people with severe speech disorders around the world may regain their communication capabilities through techniques of silent speech recognition (SSR). Using electroencephalography (EEG) as a biomarker for speech decoding has been popular for SSR. However, the lack of SSR text corpus has impeded the development of this technique. Here, we construct a novel task-oriented text corpus, which is utilized in the field of SSR. In the process of construction, we propose a task-oriented hybrid construction method based on natural language generation algorithm. The algorithm focuses on the strategy of data-to-text generation, and has two advantages including linguistic quality and high diversity. These two advantages use template-based method and deep neural networks respectively. In an SSR experiment with the generated text corpus, analysis results show that the performance of our hybrid construction method outperforms the pure method such as template-based natural language generation or neural natural language generation models.",2019,natural language processing,http://arxiv.org/abs/1905.01974v1
Generating Natural Language Adversarial Examples,"Deep neural networks (DNNs) are vulnerable to adversarial examples, perturbations to correctly classified examples which can cause the model to misclassify. In the image domain, these perturbations are often virtually indistinguishable to human perception, causing humans and state-of-the-art models to disagree. However, in the natural language domain, small perturbations are clearly perceptible, and the replacement of a single word can drastically alter the semantics of the document. Given these challenges, we use a black-box population-based optimization algorithm to generate semantically and syntactically similar adversarial examples that fool well-trained sentiment analysis and textual entailment models with success rates of 97% and 70%, respectively. We additionally demonstrate that 92.3% of the successful sentiment analysis adversarial examples are classified to their original label by 20 human annotators, and that the examples are perceptibly quite similar. Finally, we discuss an attempt to use adversarial training as a defense, but fail to yield improvement, demonstrating the strength and diversity of our adversarial examples. We hope our findings encourage researchers to pursue improving the robustness of DNNs in the natural language domain.",2018,natural language processing,http://arxiv.org/abs/1804.07998v2
HiddenTables & PyQTax: A Cooperative Game and Dataset For TableQA to Ensure Scale and Data Privacy Across a Myriad of Taxonomies,"A myriad of different Large Language Models (LLMs) face a common challenge in contextually analyzing table question-answering tasks. These challenges are engendered from (1) finite context windows for large tables, (2) multi-faceted discrepancies amongst tokenization patterns against cell boundaries, and (3) various limitations stemming from data confidentiality in the process of using external models such as gpt-3.5-turbo. We propose a cooperative game dubbed ""HiddenTables"" as a potential resolution to this challenge. In essence, ""HiddenTables"" is played between the code-generating LLM ""Solver"" and the ""Oracle"" which evaluates the ability of the LLM agents to solve Table QA tasks. This game is based on natural language schemas and importantly, ensures the security of the underlying data. We provide evidential experiments on a diverse set of tables that demonstrate an LLM's collective inability to generalize and perform on complex queries, handle compositional dependencies, and align natural language to programmatic commands when concrete table schemas are provided. Unlike encoder-based models, we have pushed the boundaries of ""HiddenTables"" to not be limited by the number of rows - therefore we exhibit improved efficiency in prompt and completion tokens. Our infrastructure has spawned a new dataset ""PyQTax"" that spans across 116,671 question-table-answer triplets and provides additional fine-grained breakdowns & labels for varying question taxonomies. Therefore, in tandem with our academic contributions regarding LLMs' deficiency in TableQA tasks, ""HiddenTables"" is a tactile manifestation of how LLMs can interact with massive datasets while ensuring data security and minimizing generation costs.",2024,natural language processing,http://arxiv.org/abs/2406.10803v1
Antarlekhaka: A Comprehensive Tool for Multi-task Natural Language Annotation,"One of the primary obstacles in the advancement of Natural Language Processing (NLP) technologies for low-resource languages is the lack of annotated datasets for training and testing machine learning models. In this paper, we present Antarlekhaka, a tool for manual annotation of a comprehensive set of tasks relevant to NLP. The tool is Unicode-compatible, language-agnostic, Web-deployable and supports distributed annotation by multiple simultaneous annotators. The system sports user-friendly interfaces for 8 categories of annotation tasks. These, in turn, enable the annotation of a considerably larger set of NLP tasks. The task categories include two linguistic tasks not handled by any other tool, namely, sentence boundary detection and deciding canonical word order, which are important tasks for text that is in the form of poetry. We propose the idea of sequential annotation based on small text units, where an annotator performs several tasks related to a single text unit before proceeding to the next unit. The research applications of the proposed mode of multi-task annotation are also discussed. Antarlekhaka outperforms other annotation tools in objective evaluation. It has been also used for two real-life annotation tasks on two different languages, namely, Sanskrit and Bengali. The tool is available at https://github.com/Antarlekhaka/code.",2023,natural language processing,http://arxiv.org/abs/2310.07826v1
A Survey of the State of Explainable AI for Natural Language Processing,"Recent years have seen important advances in the quality of state-of-the-art models, but this has come at the expense of models becoming less interpretable. This survey presents an overview of the current state of Explainable AI (XAI), considered within the domain of Natural Language Processing (NLP). We discuss the main categorization of explanations, as well as the various ways explanations can be arrived at and visualized. We detail the operations and explainability techniques currently available for generating explanations for NLP model predictions, to serve as a resource for model developers in the community. Finally, we point out the current gaps and encourage directions for future work in this important research area.",2020,natural language processing,http://arxiv.org/abs/2010.00711v1
How Easy is it to Learn a Controlled Natural Language for Building a Knowledge Base?,"Recent developments in controlled natural language editors for knowledge engineering (KE) have given rise to expectations that they will make KE tasks more accessible and perhaps even enable non-engineers to build knowledge bases. This exploratory research focussed on novices and experts in knowledge engineering during their attempts to learn a controlled natural language (CNL) known as OWL Simplified English and use it to build a small knowledge base. Participants' behaviours during the task were observed through eye-tracking and screen recordings. This was an attempt at a more ambitious user study than in previous research because we used a naturally occurring text as the source of domain knowledge, and left them without guidance on which information to select, or how to encode it. We have identified a number of skills (competencies) required for this difficult task and key problems that authors face.",2014,natural language processing,http://arxiv.org/abs/1406.2204v1
LangPro: Natural Language Theorem Prover,"LangPro is an automated theorem prover for natural language (https://github.com/kovvalsky/LangPro). Given a set of premises and a hypothesis, it is able to prove semantic relations between them. The prover is based on a version of analytic tableau method specially designed for natural logic. The proof procedure operates on logical forms that preserve linguistic expressions to a large extent. %This property makes the logical forms easily obtainable from syntactic trees. %, in particular, Combinatory Categorial Grammar derivation trees. The nature of proofs is deductive and transparent. On the FraCaS and SICK textual entailment datasets, the prover achieves high results comparable to state-of-the-art.",2017,natural language processing,http://arxiv.org/abs/1708.09417v1
Software Infrastructure for Natural Language Processing,"We classify and review current approaches to software infrastructure for research, development and delivery of NLP systems. The task is motivated by a discussion of current trends in the field of NLP and Language Engineering. We describe a system called GATE (a General Architecture for Text Engineering) that provides a software infrastructure on top of which heterogeneous NLP processing modules may be evaluated and refined individually, or may be combined into larger application systems. GATE aims to support both researchers and developers working on component technologies (e.g. parsing, tagging, morphological analysis) and those working on developing end-user applications (e.g. information extraction, text summarisation, document generation, machine translation, and second language learning). GATE promotes reuse of component technology, permits specialisation and collaboration in large-scale projects, and allows for the comparison and evaluation of alternative technologies. The first release of GATE is now available - see http://www.dcs.shef.ac.uk/research/groups/nlp/gate/",1997,natural language processing,http://arxiv.org/abs/cmp-lg/9702005v1
Reusable Templates and Guides For Documenting Datasets and Models for Natural Language Processing and Generation: A Case Study of the HuggingFace and GEM Data and Model Cards,"Developing documentation guidelines and easy-to-use templates for datasets and models is a challenging task, especially given the variety of backgrounds, skills, and incentives of the people involved in the building of natural language processing (NLP) tools. Nevertheless, the adoption of standard documentation practices across the field of NLP promotes more accessible and detailed descriptions of NLP datasets and models, while supporting researchers and developers in reflecting on their work. To help with the standardization of documentation, we present two case studies of efforts that aim to develop reusable documentation templates -- the HuggingFace data card, a general purpose card for datasets in NLP, and the GEM benchmark data and model cards with a focus on natural language generation. We describe our process for developing these templates, including the identification of relevant stakeholder groups, the definition of a set of guiding principles, the use of existing templates as our foundation, and iterative revisions based on feedback.",2021,natural language processing,http://arxiv.org/abs/2108.07374v1
BioT5: Enriching Cross-modal Integration in Biology with Chemical Knowledge and Natural Language Associations,"Recent advancements in biological research leverage the integration of molecules, proteins, and natural language to enhance drug discovery. However, current models exhibit several limitations, such as the generation of invalid molecular SMILES, underutilization of contextual information, and equal treatment of structured and unstructured knowledge. To address these issues, we propose $\mathbf{BioT5}$, a comprehensive pre-training framework that enriches cross-modal integration in biology with chemical knowledge and natural language associations. $\mathbf{BioT5}$ utilizes SELFIES for $100%$ robust molecular representations and extracts knowledge from the surrounding context of bio-entities in unstructured biological literature. Furthermore, $\mathbf{BioT5}$ distinguishes between structured and unstructured knowledge, leading to more effective utilization of information. After fine-tuning, BioT5 shows superior performance across a wide range of tasks, demonstrating its strong capability of capturing underlying relations and properties of bio-entities. Our code is available at $\href{https://github.com/QizhiPei/BioT5}{Github}$.",2023,natural language processing,http://arxiv.org/abs/2310.07276v3
Experience Grounds Language,"Language understanding research is held back by a failure to relate language to the physical world it describes and to the social interactions it facilitates. Despite the incredible effectiveness of language processing models to tackle tasks after being trained on text alone, successful linguistic communication relies on a shared experience of the world. It is this shared experience that makes utterances meaningful.   Natural language processing is a diverse field, and progress throughout its development has come from new representational theories, modeling techniques, data collection paradigms, and tasks. We posit that the present success of representation learning approaches trained on large, text-only corpora requires the parallel tradition of research on the broader physical and social context of language to address the deeper questions of communication.",2020,natural language processing,http://arxiv.org/abs/2004.10151v3
A Survey in Mathematical Language Processing,"Informal mathematical text underpins real-world quantitative reasoning and communication. Developing sophisticated methods of retrieval and abstraction from this dual modality is crucial in the pursuit of the vision of automating discovery in quantitative science and mathematics. We track the development of informal mathematical language processing approaches across five strategic sub-areas in recent years, highlighting the prevailing successful methodological elements along with existing limitations.",2022,natural language processing,http://arxiv.org/abs/2205.15231v2
Towards Pragmatic Production Strategies for Natural Language Generation Tasks,"This position paper proposes a conceptual framework for the design of Natural Language Generation (NLG) systems that follow efficient and effective production strategies in order to achieve complex communicative goals. In this general framework, efficiency is characterised as the parsimonious regulation of production and comprehension costs while effectiveness is measured with respect to task-oriented and contextually grounded communicative goals. We provide concrete suggestions for the estimation of goals, costs, and utility via modern statistical methods, demonstrating applications of our framework to the classic pragmatic task of visually grounded referential games and to abstractive text summarisation, two popular generation tasks with real-world applications. In sum, we advocate for the development of NLG systems that learn to make pragmatic production decisions from experience, by reasoning about goals, costs, and utility in a human-like way.",2022,natural language processing,http://arxiv.org/abs/2210.12828v1
Quantum Natural Language Generation on Near-Term Devices,"The emergence of noisy medium-scale quantum devices has led to proof-of-concept applications for quantum computing in various domains. Examples include Natural Language Processing (NLP) where sentence classification experiments have been carried out, as well as procedural generation, where tasks such as geopolitical map creation, and image manipulation have been performed. We explore applications at the intersection of these two areas by designing a hybrid quantum-classical algorithm for sentence generation.   Our algorithm is based on the well-known simulated annealing technique for combinatorial optimisation. An implementation is provided and used to demonstrate successful sentence generation on both simulated and real quantum hardware. A variant of our algorithm can also be used for music generation.   This paper aims to be self-contained, introducing all the necessary background on NLP and quantum computing along the way.",2022,natural language processing,http://arxiv.org/abs/2211.00727v1
RuleCNL: A Controlled Natural Language for Business Rule Specifications,"Business rules represent the primary means by which companies define their business, perform their actions in order to reach their objectives. Thus, they need to be expressed unambiguously to avoid inconsistencies between business stakeholders and formally in order to be machine-processed. A promising solution is the use of a controlled natural language (CNL) which is a good mediator between natural and formal languages. This paper presents RuleCNL, which is a CNL for defining business rules. Its core feature is the alignment of the business rule definition with the business vocabulary which ensures traceability and consistency with the business domain. The RuleCNL tool provides editors that assist end-users in the writing process and automatic mappings into the Semantics of Business Vocabulary and Business Rules (SBVR) standard. SBVR is grounded in first order logic and includes constructs called semantic formulations that structure the meaning of rules.",2014,natural language processing,http://arxiv.org/abs/1406.2096v1
"torchdistill Meets Hugging Face Libraries for Reproducible, Coding-Free Deep Learning Studies: A Case Study on NLP","Reproducibility in scientific work has been becoming increasingly important in research communities such as machine learning, natural language processing, and computer vision communities due to the rapid development of the research domains supported by recent advances in deep learning. In this work, we present a significantly upgraded version of torchdistill, a modular-driven coding-free deep learning framework significantly upgraded from the initial release, which supports only image classification and object detection tasks for reproducible knowledge distillation experiments. To demonstrate that the upgraded framework can support more tasks with third-party libraries, we reproduce the GLUE benchmark results of BERT models using a script based on the upgraded torchdistill, harmonizing with various Hugging Face libraries. All the 27 fine-tuned BERT models and configurations to reproduce the results are published at Hugging Face, and the model weights have already been widely used in research communities. We also reimplement popular small-sized models and new knowledge distillation methods and perform additional experiments for computer vision tasks.",2023,natural language processing,http://arxiv.org/abs/2310.17644v1
WiCV 2019: The Sixth Women In Computer Vision Workshop,"In this paper we present the Women in Computer Vision Workshop - WiCV 2019, organized in conjunction with CVPR 2019. This event is meant for increasing the visibility and inclusion of women researchers in the computer vision field. Computer vision and machine learning have made incredible progress over the past years, but the number of female researchers is still low both in academia and in industry. WiCV is organized especially for the following reason: to raise visibility of female researchers, to increase collaborations between them, and to provide mentorship to female junior researchers in the field. In this paper, we present a report of trends over the past years, along with a summary of statistics regarding presenters, attendees, and sponsorship for the current workshop.",2019,computer vision,http://arxiv.org/abs/1909.10225v1
Spatial Monitoring and Insect Behavioural Analysis Using Computer Vision for Precision Pollination,"Insects are the most important global pollinator of crops and play a key role in maintaining the sustainability of natural ecosystems. Insect pollination monitoring and management are therefore essential for improving crop production and food security. Computer vision facilitated pollinator monitoring can intensify data collection over what is feasible using manual approaches. The new data it generates may provide a detailed understanding of insect distributions and facilitate fine-grained analysis sufficient to predict their pollination efficacy and underpin precision pollination. Current computer vision facilitated insect tracking in complex outdoor environments is restricted in spatial coverage and often constrained to a single insect species. This limits its relevance to agriculture. Therefore, in this article we introduce a novel system to facilitate markerless data capture for insect counting, insect motion tracking, behaviour analysis and pollination prediction across large agricultural areas. Our system is comprised of edge computing multi-point video recording, offline automated multispecies insect counting, tracking and behavioural analysis. We implement and test our system on a commercial berry farm to demonstrate its capabilities. Our system successfully tracked four insect varieties, at nine monitoring stations within polytunnels, obtaining an F-score above 0.8 for each variety. The system enabled calculation of key metrics to assess the relative pollination impact of each insect variety. With this technological advancement, detailed, ongoing data collection for precision pollination becomes achievable. This is important to inform growers and apiarists managing crop pollination, as it allows data-driven decisions to be made to improve food production and food security.",2022,computer vision,http://arxiv.org/abs/2205.04675v2
Global Adaptive Filtering Layer for Computer Vision,"We devise a universal adaptive neural layer to ""learn"" optimal frequency filter for each image together with the weights of the base neural network that performs some computer vision task. The proposed approach takes the source image in the spatial domain, automatically selects the best frequencies from the frequency domain, and transmits the inverse-transform image to the main neural network. Remarkably, such a simple add-on layer dramatically improves the performance of the main network regardless of its design. We observe that the light networks gain a noticeable boost in the performance metrics; whereas, the training of the heavy ones converges faster when our adaptive layer is allowed to ""learn"" alongside the main architecture. We validate the idea in four classical computer vision tasks: classification, segmentation, denoising, and erasing, considering popular natural and medical data benchmarks.",2020,computer vision,http://arxiv.org/abs/2010.01177v4
Vision-Language Memory for Spatial Reasoning,"Spatial reasoning is a critical capability for intelligent robots, yet current vision-language models (VLMs) still fall short of human-level performance in video-based spatial reasoning. This gap mainly stems from two challenges: a semantic-geometric misalignment that prevents consistent 3D understanding, and the absence of persistent memory to retain 3D representation and understanding across frames. To address these limitations, we present VLM$^2$, a Vision-Language Model with persistent Memory for spatial reasoning with a view-consistent, 3D-aware representation purely from 2D videos. Specifically, we incorporate a dual-memory module consisting of a working memory that operates as a sliding window to focus on immediate context, and an episodic memory that consolidates and stores critical information across frames. This design enables bounded and efficient spatial reasoning under a fixed computational cost. Extensive experiments on multiple benchmarks show that VLM$^2$ achieves state-of-the-art performance among video-based models, significantly advancing the frontier of visual-spatial intelligence.",2025,computer vision,http://arxiv.org/abs/2511.20644v2
"What Does TERRA-REF's High Resolution, Multi Sensor Plant Sensing Public Domain Data Offer the Computer Vision Community?","A core objective of the TERRA-REF project was to generate an open-access reference dataset for the evaluation of sensing technologies to study plants under field conditions. The TERRA-REF program deployed a suite of high-resolution, cutting edge technology sensors on a gantry system with the aim of scanning 1 hectare (10$^4$) at around 1 mm$^2$ spatial resolution multiple times per week. The system contains co-located sensors including a stereo-pair RGB camera, a thermal imager, a laser scanner to capture 3D structure, and two hyperspectral cameras covering wavelengths of 300-2500nm. This sensor data is provided alongside over sixty types of traditional plant phenotype measurements that can be used to train new machine learning models. Associated weather and environmental measurements, information about agronomic management and experimental design, and the genomic sequences of hundreds of plant varieties have been collected and are available alongside the sensor and plant phenotype data.   Over the course of four years and ten growing seasons, the TERRA-REF system generated over 1 PB of sensor data and almost 45 million files. The subset that has been released to the public domain accounts for two seasons and about half of the total data volume. This provides an unprecedented opportunity for investigations far beyond the core biological scope of the project.   The focus of this paper is to provide the Computer Vision and Machine Learning communities an overview of the available data and some potential applications of this one of a kind data.",2021,computer vision,http://arxiv.org/abs/2107.14072v2
The Informed Sampler: A Discriminative Approach to Bayesian Inference in Generative Computer Vision Models,"Computer vision is hard because of a large variability in lighting, shape, and texture; in addition the image signal is non-additive due to occlusion. Generative models promised to account for this variability by accurately modelling the image formation process as a function of latent variables with prior beliefs. Bayesian posterior inference could then, in principle, explain the observation. While intuitively appealing, generative models for computer vision have largely failed to deliver on that promise due to the difficulty of posterior inference. As a result the community has favoured efficient discriminative approaches. We still believe in the usefulness of generative models in computer vision, but argue that we need to leverage existing discriminative or even heuristic computer vision methods. We implement this idea in a principled way with an ""informed sampler"" and in careful experiments demonstrate it on challenging generative models which contain renderer programs as their components. We concentrate on the problem of inverting an existing graphics rendering engine, an approach that can be understood as ""Inverse Graphics"". The informed sampler, using simple discriminative proposals based on existing computer vision technology, achieves significant improvements of inference.",2014,computer vision,http://arxiv.org/abs/1402.0859v3
Novel Convolution Kernels for Computer Vision and Shape Analysis based on Electromagnetism,"Computer vision is a growing field with a lot of new applications in automation and robotics, since it allows the analysis of images and shapes for the generation of numerical or analytical information. One of the most used method of information extraction is image filtering through convolution kernels, with each kernel specialized for specific applications. The objective of this paper is to present a novel convolution kernels, based on principles of electromagnetic potentials and fields, for a general use in computer vision and to demonstrate its usage for shape and stroke analysis. Such filtering possesses unique geometrical properties that can be interpreted using well understood physics theorems. Therefore, this paper focuses on the development of the electromagnetic kernels and on their application on images for shape and stroke analysis. It also presents several interesting features of electromagnetic kernels, such as resolution, size and orientation independence, robustness to noise and deformation, long distance stroke interaction and ability to work with 3D images",2018,computer vision,http://arxiv.org/abs/1806.07996v1
Vision Based Game Development Using Human Computer Interaction,A Human Computer Interface (HCI) System for playing games is designed here for more natural communication with the machines. The system presented here is a vision-based system for detection of long voluntary eye blinks and interpretation of blink patterns for communication between man and machine. This system replaces the mouse with the human face as a new way to interact with the computer. Facial features (nose tip and eyes) are detected and tracked in realtime to use their actions as mouse events. The coordinates and movement of the nose tip in the live video feed are translated to become the coordinates and movement of the mouse pointer on the application. The left or right eye blinks fire left or right mouse click events. The system works with inexpensive USB cameras and runs at a frame rate of 30 frames per second.,2010,computer vision,http://arxiv.org/abs/1002.2191v1
Hierarchical Pre-Training of Vision Encoders with Large Language Model,"The field of computer vision has experienced significant advancements through scalable vision encoders and multimodal pre-training frameworks. However, existing approaches often treat vision encoders and large language models (LLMs) as independent modules, limiting the integration of hierarchical visual features. In this work, we propose HIVE (Hierarchical Pre-Training of Vision Encoders), a novel framework that enhances vision-language alignment by introducing hierarchical cross-attention between the vision encoder and LLM. Unlike conventional methods that flatten image embeddings, HIVE enables structured feature fusion across multiple layers, improving gradient flow and representation learning. To optimize this interaction, we introduce a three-stage training strategy that progressively aligns the vision encoder with the LLM, ensuring stable optimization and effective multimodal fusion. Empirical evaluations demonstrate that HIVE achieves superior performance not only in image classification but also on various vision-language tasks, outperforming self-attention-based methods in benchmarks such as MME, GQA, OK-VQA, and ScienceQA. Our results highlight the benefits of hierarchical feature integration, paving the way for more efficient and expressive vision-language models.",2026,computer vision,http://arxiv.org/abs/2604.00086v2
Crowdsourcing in Computer Vision,"Computer vision systems require large amounts of manually annotated data to properly learn challenging visual concepts. Crowdsourcing platforms offer an inexpensive method to capture human knowledge and understanding, for a vast number of visual perception tasks. In this survey, we describe the types of annotations computer vision researchers have collected using crowdsourcing, and how they have ensured that this data is of high quality while annotation effort is minimized. We begin by discussing data collection on both classic (e.g., object recognition) and recent (e.g., visual story-telling) vision tasks. We then summarize key design decisions for creating effective data collection interfaces and workflows, and present strategies for intelligently selecting the most important data instances to annotate. Finally, we conclude with some thoughts on the future of crowdsourcing in computer vision.",2016,computer vision,http://arxiv.org/abs/1611.02145v1
FedCV: A Federated Learning Framework for Diverse Computer Vision Tasks,"Federated Learning (FL) is a distributed learning paradigm that can learn a global or personalized model from decentralized datasets on edge devices. However, in the computer vision domain, model performance in FL is far behind centralized training due to the lack of exploration in diverse tasks with a unified FL framework. FL has rarely been demonstrated effectively in advanced computer vision tasks such as object detection and image segmentation. To bridge the gap and facilitate the development of FL for computer vision tasks, in this work, we propose a federated learning library and benchmarking framework, named FedCV, to evaluate FL on the three most representative computer vision tasks: image classification, image segmentation, and object detection. We provide non-I.I.D. benchmarking datasets, models, and various reference FL algorithms. Our benchmark study suggests that there are multiple challenges that deserve future exploration: centralized training tricks may not be directly applied to FL; the non-I.I.D. dataset actually downgrades the model accuracy to some degree in different tasks; improving the system efficiency of federated training is challenging given the huge number of parameters and the per-client memory cost. We believe that such a library and benchmark, along with comparable evaluation settings, is necessary to make meaningful progress in FL on computer vision tasks. FedCV is publicly available: https://github.com/FedML-AI/FedCV.",2021,computer vision,http://arxiv.org/abs/2111.11066v1
Second Croatian Computer Vision Workshop (CCVW 2013),"Proceedings of the Second Croatian Computer Vision Workshop (CCVW 2013, http://www.fer.unizg.hr/crv/ccvw2013) held September 19, 2013, in Zagreb, Croatia. Workshop was organized by the Center of Excellence for Computer Vision of the University of Zagreb.",2013,computer vision,http://arxiv.org/abs/1310.0319v3
The Evolution of First Person Vision Methods: A Survey,"The emergence of new wearable technologies such as action cameras and smart-glasses has increased the interest of computer vision scientists in the First Person perspective. Nowadays, this field is attracting attention and investments of companies aiming to develop commercial devices with First Person Vision recording capabilities. Due to this interest, an increasing demand of methods to process these videos, possibly in real-time, is expected. Current approaches present a particular combinations of different image features and quantitative methods to accomplish specific objectives like object detection, activity recognition, user machine interaction and so on. This paper summarizes the evolution of the state of the art in First Person Vision video analysis between 1997 and 2014, highlighting, among others, most commonly used features, methods, challenges and opportunities within the field.",2014,computer vision,http://arxiv.org/abs/1409.1484v3
A Comparative Study of Graph Matching Algorithms in Computer Vision,"The graph matching optimization problem is an essential component for many tasks in computer vision, such as bringing two deformable objects in correspondence. Naturally, a wide range of applicable algorithms have been proposed in the last decades. Since a common standard benchmark has not been developed, their performance claims are often hard to verify as evaluation on differing problem instances and criteria make the results incomparable. To address these shortcomings, we present a comparative study of graph matching algorithms. We create a uniform benchmark where we collect and categorize a large set of existing and publicly available computer vision graph matching problems in a common format. At the same time we collect and categorize the most popular open-source implementations of graph matching algorithms. Their performance is evaluated in a way that is in line with the best practices for comparing optimization algorithms. The study is designed to be reproducible and extensible to serve as a valuable resource in the future.   Our study provides three notable insights:   1.) popular problem instances are exactly solvable in substantially less than 1 second and, therefore, are insufficient for future empirical evaluations;   2.) the most popular baseline methods are highly inferior to the best available methods;   3.) despite the NP-hardness of the problem, instances coming from vision applications are often solvable in a few seconds even for graphs with more than 500 vertices.",2022,computer vision,http://arxiv.org/abs/2207.00291v2
Deep Learning vs. Traditional Computer Vision,"Deep Learning has pushed the limits of what was possible in the domain of Digital Image Processing. However, that is not to say that the traditional computer vision techniques which had been undergoing progressive development in years prior to the rise of DL have become obsolete. This paper will analyse the benefits and drawbacks of each approach. The aim of this paper is to promote a discussion on whether knowledge of classical computer vision techniques should be maintained. The paper will also explore how the two sides of computer vision can be combined. Several recent hybrid methodologies are reviewed which have demonstrated the ability to improve computer vision performance and to tackle problems not suited to Deep Learning. For example, combining traditional computer vision techniques with Deep Learning has been popular in emerging domains such as Panoramic Vision and 3D vision for which Deep Learning models have not yet been fully optimised",2019,computer vision,http://arxiv.org/abs/1910.13796v1
Food for thought: Ethical considerations of user trust in computer vision,"In computer vision research, especially when novel applications of tools are developed, ethical implications around user perceptions of trust in the underlying technology should be considered and supported. Here, we describe an example of the incorporation of such considerations within the long-term care sector for tracking resident food and fluid intake. We highlight our recent user study conducted to develop a Goldilocks quality horizontal prototype designed to support trust cues in which perceived trust in our horizontal prototype was higher than the existing system in place. We discuss the importance and need for user engagement as part of ongoing computer vision-driven technology development and describe several important factors related to trust that are relevant to developing decision-making tools.",2019,computer vision,http://arxiv.org/abs/1905.12487v1
Computer Vision Systems in Road Vehicles: A Review,"The number of road vehicles significantly increased in recent decades. This trend accompanied a build-up of road infrastructure and development of various control systems to increase road traffic safety, road capacity and travel comfort. In traffic safety significant development has been made and today's systems more and more include cameras and computer vision methods. Cameras are used as part of the road infrastructure or in vehicles. In this paper a review on computer vision systems in vehicles from the stand point of traffic engineering is given. Safety problems of road vehicles are presented, current state of the art in-vehicle vision systems is described and open problems with future research directions are discussed.",2013,computer vision,http://arxiv.org/abs/1310.0315v1
A Review of Pulse-Coupled Neural Network Applications in Computer Vision and Image Processing,"Research in neural models inspired by mammal's visual cortex has led to many spiking neural networks such as pulse-coupled neural networks (PCNNs). These models are oscillating, spatio-temporal models stimulated with images to produce several time-based responses. This paper reviews PCNN's state of the art, covering its mathematical formulation, variants, and other simplifications found in the literature. We present several applications in which PCNN architectures have successfully addressed some fundamental image processing and computer vision challenges, including image segmentation, edge detection, medical imaging, image fusion, image compression, object recognition, and remote sensing. Results achieved in these applications suggest that the PCNN architecture generates useful perceptual information relevant to a wide variety of computer vision tasks.",2024,computer vision,http://arxiv.org/abs/2406.00239v1
4th Workshop on Maritime Computer Vision (MaCVi): Challenge Overview,"The 4th Workshop on Maritime Computer Vision (MaCVi) is organized as part of CVPR 2026. This edition features five benchmark challenges with emphasis on both predictive accuracy and embedded real-time feasibility. This report summarizes the MaCVi 2026 challenge setup, evaluation protocols, datasets, and benchmark tracks, and presents quantitative results, qualitative comparisons, and cross-challenge analyses of emerging method trends. We also include technical reports from top-performing teams to highlight practical design choices and lessons learned across the benchmark suite. Datasets, leaderboards, and challenge resources are available at https://macvi.org/workshop/cvpr26.",2026,computer vision,http://arxiv.org/abs/2604.13244v1
Ice Core Science Meets Computer Vision: Challenges and Perspectives,"Polar ice cores play a central role in studies of the earth's climate system through natural archives. A pressing issue is the analysis of the oldest, highly thinned ice core sections, where the identification of paleoclimate signals is particularly challenging. For this, state-of-the-art imaging by laser-ablation inductively-coupled plasma mass spectrometry (LA-ICP-MS) has the potential to be revolutionary due to its combination of micron-scale 2D chemical information with visual features. However, the quantitative study of record preservation in chemical images raises new questions that call for the expertise of the computer vision community. To illustrate this new inter-disciplinary frontier, we describe a selected set of key questions. One critical task is to assess the paleoclimate significance of single line profiles along the main core axis, which we show is a scale-dependent problem for which advanced image analysis methods are critical. Another important issue is the evaluation of post-depositional layer changes, for which the chemical images provide rich information. Accordingly, the time is ripe to begin an intensified exchange among the two scientific communities of computer vision and ice core science. The collaborative building of a new framework for investigating high-resolution chemical images with automated image analysis techniques will also benefit the already wide-spread application of LA-ICP-MS chemical imaging in the geosciences.",2021,computer vision,http://arxiv.org/abs/2104.04430v1
Robust Fitting in Computer Vision: Easy or Hard?,"Robust model fitting plays a vital role in computer vision, and research into algorithms for robust fitting continues to be active. Arguably the most popular paradigm for robust fitting in computer vision is consensus maximisation, which strives to find the model parameters that maximise the number of inliers. Despite the significant developments in algorithms for consensus maximisation, there has been a lack of fundamental analysis of the problem in the computer vision literature. In particular, whether consensus maximisation is ""tractable"" remains a question that has not been rigorously dealt with, thus making it difficult to assess and compare the performance of proposed algorithms, relative to what is theoretically achievable. To shed light on these issues, we present several computational hardness results for consensus maximisation. Our results underline the fundamental intractability of the problem, and resolve several ambiguities existing in the literature.",2018,computer vision,http://arxiv.org/abs/1802.06464v3
Sim4CV: A Photo-Realistic Simulator for Computer Vision Applications,"We present a photo-realistic training and evaluation simulator (Sim4CV) with extensive applications across various fields of computer vision. Built on top of the Unreal Engine, the simulator integrates full featured physics based cars, unmanned aerial vehicles (UAVs), and animated human actors in diverse urban and suburban 3D environments. We demonstrate the versatility of the simulator with two case studies: autonomous UAV-based tracking of moving objects and autonomous driving using supervised learning. The simulator fully integrates both several state-of-the-art tracking algorithms with a benchmark evaluation tool and a deep neural network (DNN) architecture for training vehicles to drive autonomously. It generates synthetic photo-realistic datasets with automatic ground truth annotations to easily extend existing real-world datasets and provides extensive synthetic data variety through its ability to reconfigure synthetic worlds on the fly using an automatic world generation tool. The supplementary video can be viewed a https://youtu.be/SqAxzsQ7qUU",2017,computer vision,http://arxiv.org/abs/1708.05869v2
The 2nd Workshop on Maritime Computer Vision (MaCVi) 2024,"The 2nd Workshop on Maritime Computer Vision (MaCVi) 2024 addresses maritime computer vision for Unmanned Aerial Vehicles (UAV) and Unmanned Surface Vehicles (USV). Three challenges categories are considered: (i) UAV-based Maritime Object Tracking with Re-identification, (ii) USV-based Maritime Obstacle Segmentation and Detection, (iii) USV-based Maritime Boat Tracking. The USV-based Maritime Obstacle Segmentation and Detection features three sub-challenges, including a new embedded challenge addressing efficicent inference on real-world embedded devices. This report offers a comprehensive overview of the findings from the challenges. We provide both statistical and qualitative analyses, evaluating trends from over 195 submissions. All datasets, evaluation code, and the leaderboard are available to the public at https://macvi.org/workshop/macvi24.",2023,computer vision,http://arxiv.org/abs/2311.14762v1
Spike-based Neuromorphic Computing for Next-Generation Computer Vision,"Neuromorphic Computing promises orders of magnitude improvement in energy efficiency compared to traditional von Neumann computing paradigm. The goal is to develop an adaptive, fault-tolerant, low-footprint, fast, low-energy intelligent system by learning and emulating brain functionality which can be realized through innovation in different abstraction layers including material, device, circuit, architecture and algorithm. As the energy consumption in complex vision tasks keep increasing exponentially due to larger data set and resource-constrained edge devices become increasingly ubiquitous, spike-based neuromorphic computing approaches can be viable alternative to deep convolutional neural network that is dominating the vision field today. In this book chapter, we introduce neuromorphic computing, outline a few representative examples from different layers of the design stack (devices, circuits and algorithms) and conclude with a few exciting applications and future research directions that seem promising for computer vision in the near future.",2023,computer vision,http://arxiv.org/abs/2310.09692v2
Minimalist Vision with Freeform Pixels,"A minimalist vision system uses the smallest number of pixels needed to solve a vision task. While traditional cameras use a large grid of square pixels, a minimalist camera uses freeform pixels that can take on arbitrary shapes to increase their information content. We show that the hardware of a minimalist camera can be modeled as the first layer of a neural network, where the subsequent layers are used for inference. Training the network for any given task yields the shapes of the camera's freeform pixels, each of which is implemented using a photodetector and an optical mask. We have designed minimalist cameras for monitoring indoor spaces (with 8 pixels), measuring room lighting (with 8 pixels), and estimating traffic flow (with 8 pixels). The performance demonstrated by these systems is on par with a traditional camera with orders of magnitude more pixels. Minimalist vision has two major advantages. First, it naturally tends to preserve the privacy of individuals in the scene since the captured information is inadequate for extracting visual details. Second, since the number of measurements made by a minimalist camera is very small, we show that it can be fully self-powered, i.e., function without an external power supply or a battery.",2024,computer vision,http://arxiv.org/abs/2501.00142v1
Towards a Better Understanding of the Computer Vision Research Community in Africa,"Computer vision is a broad field of study that encompasses different tasks (e.g., object detection). Although computer vision is relevant to the African communities in various applications, yet computer vision research is under-explored in the continent and constructs only 0.06% of top-tier publications in the last ten years. In this paper, our goal is to have a better understanding of the computer vision research conducted in Africa and provide pointers on whether there is equity in research or not. We do this through an empirical analysis of the African computer vision publications that are Scopus indexed, where we collect around 63,000 publications over the period 2012-2022. We first study the opportunities available for African institutions to publish in top-tier computer vision venues. We show that African publishing trends in top-tier venues over the years do not exhibit consistent growth, unlike other continents such as North America or Asia. Moreover, we study all computer vision publications beyond top-tier venues in different African regions to find that mainly Northern and Southern Africa are publishing in computer vision with 68.5% and 15.9% of publications, resp. Nonetheless, we highlight that both Eastern and Western Africa are exhibiting a promising increase with the last two years closing the gap with Southern Africa. Additionally, we study the collaboration patterns in these publications to find that most of these exhibit international collaborations rather than African ones. We also show that most of these publications include an African author that is a key contributor as the first or last author. Finally, we present the most recurring keywords in computer vision publications per African region.",2023,computer vision,http://arxiv.org/abs/2305.06773v4
Sparse models for Computer Vision,"The representation of images in the brain is known to be sparse. That is, as neural activity is recorded in a visual area ---for instance the primary visual cortex of primates--- only a few neurons are active at a given time with respect to the whole population. It is believed that such a property reflects the efficient match of the representation with the statistics of natural scenes. Applying such a paradigm to computer vision therefore seems a promising approach towards more biomimetic algorithms. Herein, we will describe a biologically-inspired approach to this problem. First, we will describe an unsupervised learning paradigm which is particularly adapted to the efficient coding of image patches. Then, we will outline a complete multi-scale framework ---SparseLets--- implementing a biologically inspired sparse representation of natural images. Finally, we will propose novel methods for integrating prior information into these algorithms and provide some preliminary experimental results. We will conclude by giving some perspective on applying such algorithms to computer vision. More specifically, we will propose that bio-inspired approaches may be applied to computer vision using predictive coding schemes, sparse models being one simple and efficient instance of such schemes.",2017,computer vision,http://arxiv.org/abs/1701.06859v1
Computing a Characteristic Orientation for Rotation-Independent Image Analysis,"Handling geometric transformations, particularly rotations, remains a challenge in deep learning for computer vision. Standard neural networks lack inherent rotation invariance and typically rely on data augmentation or architectural modifications to improve robustness. Although effective, these approaches increase computational demands, require specialised implementations, or alter network structures, limiting their applicability. This paper introduces General Intensity Direction (GID), a preprocessing method that improves rotation robustness without modifying the network architecture. The method estimates a global orientation for each image and aligns it to a canonical reference frame, allowing standard models to process inputs more consistently across different rotations. Unlike moment-based approaches that extract invariant descriptors, this method directly transforms the image while preserving spatial structure, making it compatible with convolutional networks. Experimental evaluation on the rotated MNIST dataset shows that the proposed method achieves higher accuracy than state-of-the-art rotation-invariant architectures. Additional experiments on the CIFAR-10 dataset, confirm that the method remains effective under more complex conditions.",2026,computer vision,http://arxiv.org/abs/2602.20930v1
Real-Time Uncertainty Estimation in Computer Vision via Uncertainty-Aware Distribution Distillation,"Calibrated estimates of uncertainty are critical for many real-world computer vision applications of deep learning. While there are several widely-used uncertainty estimation methods, dropout inference stands out for its simplicity and efficacy. This technique, however, requires multiple forward passes through the network during inference and therefore can be too resource-intensive to be deployed in real-time applications. We propose a simple, easy-to-optimize distillation method for learning the conditional predictive distribution of a pre-trained dropout model for fast, sample-free uncertainty estimation in computer vision tasks. We empirically test the effectiveness of the proposed method on both semantic segmentation and depth estimation tasks and demonstrate our method can significantly reduce the inference time, enabling real-time uncertainty quantification, while achieving improved quality of both the uncertainty estimates and predictive performance over the regular dropout model.",2020,computer vision,http://arxiv.org/abs/2007.15857v2
DiagViB-6: A Diagnostic Benchmark Suite for Vision Models in the Presence of Shortcut and Generalization Opportunities,"Common deep neural networks (DNNs) for image classification have been shown to rely on shortcut opportunities (SO) in the form of predictive and easy-to-represent visual factors. This is known as shortcut learning and leads to impaired generalization. In this work, we show that common DNNs also suffer from shortcut learning when predicting only basic visual object factors of variation (FoV) such as shape, color, or texture. We argue that besides shortcut opportunities, generalization opportunities (GO) are also an inherent part of real-world vision data and arise from partial independence between predicted classes and FoVs. We also argue that it is necessary for DNNs to exploit GO to overcome shortcut learning. Our core contribution is to introduce the Diagnostic Vision Benchmark suite DiagViB-6, which includes datasets and metrics to study a network's shortcut vulnerability and generalization capability for six independent FoV. In particular, DiagViB-6 allows controlling the type and degree of SO and GO in a dataset. We benchmark a wide range of popular vision architectures and show that they can exploit GO only to a limited extent.",2021,computer vision,http://arxiv.org/abs/2108.05779v2
Wisdom for the Crowd: Discoursive Power in Annotation Instructions for Computer Vision,"Developers of computer vision algorithms outsource some of the labor involved in annotating training data through business process outsourcing companies and crowdsourcing platforms. Many data annotators are situated in the Global South and are considered independent contractors. This paper focuses on the experiences of Argentinian and Venezuelan annotation workers. Through qualitative methods, we explore the discourses encoded in the task instructions that these workers follow to annotate computer vision datasets. Our preliminary findings indicate that annotation instructions reflect worldviews imposed on workers and, through their labor, on datasets. Moreover, we observe that for-profit goals drive task instructions and that managers and algorithms make sure annotations are done according to requesters' commands. This configuration presents a form of commodified labor that perpetuates power asymmetries while reinforcing social inequalities and is compelled to reproduce them into datasets and, subsequently, in computer vision systems.",2021,computer vision,http://arxiv.org/abs/2105.10990v1
Semantic bottleneck for computer vision tasks,"This paper introduces a novel method for the representation of images that is semantic by nature, addressing the question of computation intelligibility in computer vision tasks. More specifically, our proposition is to introduce what we call a semantic bottleneck in the processing pipeline, which is a crossing point in which the representation of the image is entirely expressed with natural language , while retaining the efficiency of numerical representations. We show that our approach is able to generate semantic representations that give state-of-the-art results on semantic content-based image retrieval and also perform very well on image classification tasks. Intelligibility is evaluated through user centered experiments for failure detection.",2018,computer vision,http://arxiv.org/abs/1811.02234v1
Use of Computer Vision to Detect Tangles in Tangled Objects,"Untangling of structures like ropes and wires by autonomous robots can be useful in areas such as personal robotics, industries and electrical wiring & repairing by robots. This problem can be tackled by using computer vision system in robot. This paper proposes a computer vision based method for analyzing visual data acquired from camera for perceiving the overlap of wires, ropes, hoses i.e. detecting tangles. Information obtained after processing image according to the proposed method comprises of position of tangles in tangled object and which wire passes over which wire. This information can then be used to guide robot to untangle wire/s. Given an image, preprocessing is done to remove noise. Then edges of wire are detected. After that, the image is divided into smaller blocks and each block is checked for wire overlap/s and finding other relevant information. TANGLED-100 dataset was introduced, which consists of images of tangled linear deformable objects. Method discussed in here was tested on the TANGLED-100 dataset. Accuracy achieved during experiments was found to be 74.9%. Robotic simulations were carried out to demonstrate the use of the proposed method in applications of robot. Proposed method is a general method that can be used by robots working in different situations.",2014,computer vision,http://arxiv.org/abs/1405.4802v2
ScVLM: Enhancing Vision-Language Model for Safety-Critical Event Understanding,"Accurately identifying, understanding and describing traffic safety-critical events (SCEs), including crashes, tire strikes, and near-crashes, is crucial for advanced driver assistance systems, automated driving systems, and traffic safety. As SCEs are rare events, most general vision-language models (VLMs) have not been trained sufficiently to link SCE videos and narratives, which could lead to hallucinations and missing key safety characteristics. Here, we introduce ScVLM, a novel hybrid methodology that integrates supervised and contrastive learning techniques to classify the severity and types of SCEs, as well as to generate narrative descriptions of SCEs. This approach utilizes classification to enhance VLMs' comprehension of driving videos and improve the rationality of event descriptions. The proposed approach is trained on and evaluated by more than 8,600 SCEs from the Second Strategic Highway Research Program Naturalistic Driving Study dataset, the largest publicly accessible driving dataset with videos and SCE annotations. The results demonstrate the superiority of the proposed approach in generating contextually accurate event descriptions and mitigating VLM hallucinations. The code will be available at https://github.com/datadrivenwheels/ScVLM.",2024,computer vision,http://arxiv.org/abs/2410.00982v2
A Benchmark and Evaluation of Non-Rigid Structure from Motion,"Non-Rigid structure from motion (NRSfM), is a long standing and central problem in computer vision and its solution is necessary for obtaining 3D information from multiple images when the scene is dynamic. A main issue regarding the further development of this important computer vision topic, is the lack of high quality data sets. We here address this issue by presenting a data set created for this purpose, which is made publicly available, and considerably larger than the previous state of the art. To validate the applicability of this data set, and provide an investigation into the state of the art of NRSfM, including potential directions forward, we here present a benchmark and a scrupulous evaluation using this data set. This benchmark evaluates 18 different methods with available code that reasonably spans the state of the art in sparse NRSfM. This new public data set and evaluation protocol will provide benchmark tools for further development in this challenging field.",2018,computer vision,http://arxiv.org/abs/1801.08388v3
Computing the Spatial Probability of Inclusion inside Partial Contours for Computer Vision Applications,"In Computer Vision, edge detection is one of the favored approaches for feature and object detection in images since it provides information about their objects boundaries. Other region-based approaches use probabilistic analysis such as clustering and Markov random fields, but those methods cannot be used to analyze edges and their interaction. In fact, only image segmentation can produce regions based on edges, but it requires thresholding by simply separating the regions into binary in-out information. Hence, there is currently a gap between edge-based and region-based algorithms, since edges cannot be used to study the properties of a region and vice versa. The objective of this paper is to present a novel spatial probability analysis that allows determining the probability of inclusion inside a set of partial contours (strokes). To answer this objective, we developed a new approach that uses electromagnetic convolutions and repulsion optimization to compute the required probabilities. Hence, it becomes possible to generate a continuous space of probability based only on the edge information, thus bridging the gap between the edge-based methods and the region-based methods. The developed method is consistent with the fundamental properties of inclusion probabilities and its results are validated by comparing an image with the probability-based estimation given by our algorithm. The method can also be generalized to take into consideration the intensity of the edges or to be used for 3D shapes. This is the first documented method that allows computing a space of probability based on interacting edges, which opens the path to broader applications such as image segmentation and contour completion.",2018,computer vision,http://arxiv.org/abs/1806.01339v2
Evolve Vision-Language-Action Model into an Agent with On-the-fly Tool-use,"This paper integrates end-to-end Visual-Language-Action (VLA) models with agentic tool-use to propose Agentic Robot with Tool-use (ART). ART is a tool-injection framework that tunes any VLA model to leverage off-the-shelf tool modules for low-level vision, high-level affordance, and embodiment enhancement. Compared to vanilla VLA models with a whole continuous action solution space, ART reduces the complexity of the action solution space through tool-use, which not only improves generalizability across different tasks but also reduces data dependency. To demonstrate the advantages (high generalizability and low data dependency) of this framework, we first built a dataset of 30K tool-use trajectories and action demonstrations, which is much smaller than those used by baseline methods. We then designed a training regimen for long-trajectory tool-use reasoning in challenging environments. Experiments show that ART achieves a 20% higher success rate than mainstream baselines on simulation and real-world tasks, such as pick-and-place in the dark at novel viewpoints. Empirical results highlight the benefits of an agent-based approach: modular tool utilization enables more efficient training, lightweight deployment, and scalable integration of new tools. This design fosters robustness, adaptability, and extensibility, paving the way for the practical deployment of VLA systems in complex real-world scenarios.",2026,computer vision,http://arxiv.org/abs/2608.14047v1
The Stellar Imager (SI) Vision Mission,"The Stellar Imager (SI) is a UV-Optical, Space-Based Interferometer designed to enable 0.1 milli-arcsecond (mas) spectral imaging of stellar surfaces and of the Universe in general and asteroseismic imaging of stellar interiors. SI is identified as a ""Flagship and Landmark Discovery Mission"" in the 2005 Sun Solar System Connection (SSSC) Roadmap and as a candidate for a ""Pathways to Life Observatory"" in the Exploration of the Universe Division (EUD) Roadmap (May, 2005). SI will revolutionize our view of many dynamic astrophysical processes: its resolution will transform point sources into extended sources, and snapshots into evolving views. SI's science focuses on the role of magnetism in the Universe, particularly on magnetic activity on the surfaces of stars like the Sun. SI's prime goal is to enable long-term forecasting of solar activity and the space weather that it drives. SI will also revolutionize our understanding of the formation of planetary systems, of the habitability and climatology of distant planets, and of many magneto-hydrodynamically controlled processes in the Universe. The results of the SI ""Vision Mission"" Study are presented in this paper. Additional information on the SI mission concept and related technology development can be found at URL: http://hires.gsfc.nasa.gov/si/.",2006,computer vision,http://arxiv.org/abs/astro-ph/0606411v1
Vision Generalist Model: A Survey,"Recently, we have witnessed the great success of the generalist model in natural language processing. The generalist model is a general framework trained with massive data and is able to process various downstream tasks simultaneously. Encouraged by their impressive performance, an increasing number of researchers are venturing into the realm of applying these models to computer vision tasks. However, the inputs and outputs of vision tasks are more diverse, and it is difficult to summarize them as a unified representation. In this paper, we provide a comprehensive overview of the vision generalist models, delving into their characteristics and capabilities within the field. First, we review the background, including the datasets, tasks, and benchmarks. Then, we dig into the design of frameworks that have been proposed in existing research, while also introducing the techniques employed to enhance their performance. To better help the researchers comprehend the area, we take a brief excursion into related domains, shedding light on their interconnections and potential synergies. To conclude, we provide some real-world application scenarios, undertake a thorough examination of the persistent challenges, and offer insights into possible directions for future research endeavors.",2025,computer vision,http://arxiv.org/abs/2506.09954v1
TinyGiantVLM: A Lightweight Vision-Language Architecture for Spatial Reasoning under Resource Constraints,"Reasoning about fine-grained spatial relationships in warehouse-scale environments poses a significant challenge for existing vision-language models (VLMs), which often struggle to comprehend 3D layouts, object arrangements, and multimodal cues in real-world industrial settings. In this paper, we present TinyGiantVLM, a lightweight and modular two-stage framework designed for physical spatial reasoning, distinguishing itself from traditional geographic reasoning in complex logistics scenes. Our approach encodes both global and region-level features from RGB and depth modalities using pretrained visual backbones. To effectively handle the complexity of high-modality inputs and diverse question types, we incorporate a Mixture-of-Experts (MoE) fusion module, which dynamically combines spatial representations to support downstream reasoning tasks and improve convergence. Training is conducted in a two-phase strategy: the first phase focuses on generating free-form answers to enhance spatial reasoning ability, while the second phase uses normalized answers for evaluation. Evaluated on Track 3 of the AI City Challenge 2025, our 64M-parameter base model achieved 5th place on the leaderboard with a score of 66.8861, demonstrating strong performance in bridging visual perception and spatial understanding in industrial environments. We further present an 80M-parameter variant with expanded MoE capacity, which demonstrates improved performance on spatial reasoning tasks.",2025,computer vision,http://arxiv.org/abs/2508.17595v1
Universal Object Detection with Large Vision Model,"Over the past few years, there has been growing interest in developing a broad, universal, and general-purpose computer vision system. Such systems have the potential to address a wide range of vision tasks simultaneously, without being limited to specific problems or data domains. This universality is crucial for practical, real-world computer vision applications. In this study, our focus is on a specific challenge: the large-scale, multi-domain universal object detection problem, which contributes to the broader goal of achieving a universal vision system. This problem presents several intricate challenges, including cross-dataset category label duplication, label conflicts, and the necessity to handle hierarchical taxonomies. To address these challenges, we introduce our approach to label handling, hierarchy-aware loss design, and resource-efficient model training utilizing a pre-trained large vision model. Our method has demonstrated remarkable performance, securing a prestigious second-place ranking in the object detection track of the Robust Vision Challenge 2022 (RVC 2022) on a million-scale cross-dataset object detection benchmark. We believe that our comprehensive study will serve as a valuable reference and offer an alternative approach for addressing similar challenges within the computer vision community. The source code for our work is openly available at https://github.com/linfeng93/Large-UniDet.",2022,computer vision,http://arxiv.org/abs/2212.09408v3
Out-of-Distribution Detection for Adaptive Computer Vision,"It is well known that computer vision can be unreliable when faced with previously unseen imaging conditions. This paper proposes a method to adapt camera parameters according to a normalizing flow-based out-of-distibution detector. A small-scale study is conducted which shows that adapting camera parameters according to this out-of-distibution detector leads to an average increase of 3 to 4 percentage points in mAP, mAR and F1 performance metrics of a YOLOv4 object detector. As a secondary result, this paper also shows that it is possible to train a normalizing flow model for out-of-distribution detection on the COCO dataset, which is larger and more diverse than most benchmarks for out-of-distibution detectors.",2023,computer vision,http://arxiv.org/abs/2305.09293v1
Combining Photogrammetric Computer Vision and Semantic Segmentation for Fine-grained Understanding of Coral Reef Growth under Climate Change,"Corals are the primary habitat-building life-form on reefs that support a quarter of the species in the ocean. A coral reef ecosystem usually consists of reefs, each of which is like a tall building in any city. These reef-building corals secrete hard calcareous exoskeletons that give them structural rigidity, and are also a prerequisite for our accurate 3D modeling and semantic mapping using advanced photogrammetric computer vision and machine learning. Underwater videography as a modern underwater remote sensing tool is a high-resolution coral habitat survey and mapping technique. In this paper, detailed 3D mesh models, digital surface models and orthophotos of the coral habitat are generated from the collected coral images and underwater control points. Meanwhile, a novel pixel-wise semantic segmentation approach of orthophotos is performed by advanced deep learning. Finally, the semantic map is mapped into 3D space. For the first time, 3D fine-grained semantic modeling and rugosity evaluation of coral reefs have been completed at millimeter (mm) accuracy. This provides a new and powerful method for understanding the processes and characteristics of coral reef change at high spatial and temporal resolution under climate change.",2022,computer vision,http://arxiv.org/abs/2212.04132v1
Domain Adaptation with a Single Vision-Language Embedding,"Domain adaptation has been extensively investigated in computer vision but still requires access to target data at the training time, which might be difficult to obtain in real-world autonomous driving scenarios, especially under rare or adverse conditions. In this paper, we present a new framework for domain adaptation relying on a single Vision-Language (VL) latent embedding instead of full target data. First, leveraging a contrastive language-image pre-training model (CLIP), we propose prompt/photo-driven instance normalization (PIN). PIN is a feature augmentation method that mines multiple visual styles using a single target VL latent embedding, by optimizing affine transformations of low-level source features. The VL embedding can come from a language prompt describing the target domain, a partially optimized language prompt, or a single unlabeled target image. Second, we show that these mined styles (i.e., augmentations) can be used for zero-shot (i.e., target-free) and one-shot unsupervised domain adaptation. Experiments on semantic segmentation in real-world driving datasets, including Cityscapes and ACDC (adverse conditions), demonstrate the effectiveness of the proposed method, which outperforms relevant baselines in the practical zero-shot and one-shot settings.",2024,computer vision,http://arxiv.org/abs/2410.21361v2
Total Variation Applications in Computer Vision,"The objectives of this chapter are: (i) to introduce a concise overview of regularization; (ii) to define and to explain the role of a particular type of regularization called total variation norm (TV-norm) in computer vision tasks; (iii) to set up a brief discussion on the mathematical background of TV methods; and (iv) to establish a relationship between models and a few existing methods to solve problems cast as TV-norm. For the most part, image-processing algorithms blur the edges of the estimated images, however TV regularization preserves the edges with no prior information on the observed and the original images. The regularization scalar parameter λ controls the amount of regularization allowed and it is an essential to obtain a high-quality regularized output. A wide-ranging review of several ways to put into practice TV regularization as well as its advantages and limitations are discussed.",2016,computer vision,http://arxiv.org/abs/1603.09599v1
PatchDropout: Economizing Vision Transformers Using Patch Dropout,"Vision transformers have demonstrated the potential to outperform CNNs in a variety of vision tasks. But the computational and memory requirements of these models prohibit their use in many applications, especially those that depend on high-resolution images, such as medical image classification. Efforts to train ViTs more efficiently are overly complicated, necessitating architectural changes or intricate training schemes. In this work, we show that standard ViT models can be efficiently trained at high resolution by randomly dropping input image patches. This simple approach, PatchDropout, reduces FLOPs and memory by at least 50% in standard natural image datasets such as ImageNet, and those savings only increase with image size. On CSAW, a high-resolution medical dataset, we observe a 5 times savings in computation and memory using PatchDropout, along with a boost in performance. For practitioners with a fixed computational or memory budget, PatchDropout makes it possible to choose image resolution, hyperparameters, or model size to get the most performance out of their model.",2022,computer vision,http://arxiv.org/abs/2208.07220v2
Towards Better User Studies in Computer Graphics and Vision,"Online crowdsourcing platforms have made it increasingly easy to perform evaluations of algorithm outputs with survey questions like ""which image is better, A or B?"", leading to their proliferation in vision and graphics research papers. Results of these studies are often used as quantitative evidence in support of a paper's contributions. On the one hand we argue that, when conducted hastily as an afterthought, such studies lead to an increase of uninformative, and, potentially, misleading conclusions. On the other hand, in these same communities, user research is underutilized in driving project direction and forecasting user needs and reception. We call for increased attention to both the design and reporting of user studies in computer vision and graphics papers towards (1) improved replicability and (2) improved project direction. Together with this call, we offer an overview of methodologies from user experience research (UXR), human-computer interaction (HCI), and applied perception to increase exposure to the available methodologies and best practices. We discuss foundational user research methods (e.g., needfinding) that are presently underutilized in computer vision and graphics research, but can provide valuable project direction. We provide further pointers to the literature for readers interested in exploring other UXR methodologies. Finally, we describe broader open issues and recommendations for the research community.",2022,computer vision,http://arxiv.org/abs/2206.11461v3
A Simple and Robust Framework for Cross-Modality Medical Image Segmentation applied to Vision Transformers,"When it comes to clinical images, automatic segmentation has a wide variety of applications and a considerable diversity of input domains, such as different types of Magnetic Resonance Images (MRIs) and Computerized Tomography (CT) scans. This heterogeneity is a challenge for cross-modality algorithms that should equally perform independently of the input image type fed to them. Often, segmentation models are trained using a single modality, preventing generalization to other types of input data without resorting to transfer learning techniques. Furthermore, the multi-modal or cross-modality architectures proposed in the literature frequently require registered images, which are not easy to collect in clinical environments, or need additional processing steps, such as synthetic image generation. In this work, we propose a simple framework to achieve fair image segmentation of multiple modalities using a single conditional model that adapts its normalization layers based on the input type, trained with non-registered interleaved mixed data. We show that our framework outperforms other cross-modality segmentation methods, when applied to the same 3D UNet baseline model, on the Multi-Modality Whole Heart Segmentation Challenge. Furthermore, we define the Conditional Vision Transformer (C-ViT) encoder, based on the proposed cross-modality framework, and we show that it brings significant improvements to the resulting segmentation, up to 6.87\% of Dice accuracy, with respect to its baseline reference. The code to reproduce our experiments and the trained model weights are available at https://github.com/matteo-bastico/MI-Seg.",2023,computer vision,http://arxiv.org/abs/2310.05572v1
FALQON-MST: A Fully Quantum Framework for Graph Optimization in Vision Systems,"Finding the minimum spanning tree (MST) of a graph is an important task in computer vision, as it enables a sparse and low-cost representation of connectivity among elements (such as superpixels, points, or regions), which is useful for tasks such as segmentation, reconstruction, and clustering. In this work, we propose and evaluate a fully quantum pipeline for computing MSTs using the FALQON algorithm, a feedback-based quantum optimization method that does not require classical optimizers. We construct a Hamiltonian formulation whose ground-state energy encodes the MST of a graph and compare different FALQON strategies: (i) time rescaling (TR-FALQON) and (ii) multi-driver configurations. To avoid domain-specific biases, we adopt graphs with random weights and show that the FALQON variants exhibit significant differences in ground-state fidelity. We discuss the relevance of this approach for computer vision problems that naturally yield graph representations, and experimental results on synthetic instances together with a small demonstrative study on image segmentation illustrate both the potential and the current limitations of the method. Our numerical simulations on randomly weighted graphs show that standard one drive FALQON, although it reduces the expected energy, fails to concentrate amplitude in the MST solution. The multi drive variant succeeds in redistributing probability mass toward the ground state so that the MST appears among the most probable outcomes, and TR FALQON applied over multi drive produces the best results with faster convergence, lower final energy, and the highest solution state probability or fidelity in our tested instances. These improvements were observed on small synthetic graphs, underscoring both the promise of multi drive controls with temporal rescaling and the need for further scaling and hardware validation.",2026,computer vision,http://arxiv.org/abs/2603.20694v1
SPICE: Simple Polysemantic Feature Interpretation via Clustering-based Explanation,"One of the pivotal recent challenges in neural network interpretability is polysemanticity, where a single neuron is activated by multiple, often unrelated concepts, hindering clear functional understanding. Although prior work has explored this phenomenon, existing approaches remain architecture-specific and depend on manual heuristics such as a fixed number of concept clusters ($K$), limiting their generality and scalability--especially for modern Transformer-based models. To address these limitations, we introduce SPICE (\textbf{S}imple \textbf{P}olysemantic Feature \textbf{I}nterpretation via \textbf{C}lustering-based \textbf{E}xplanation), a generalizable framework for analyzing polysemanticity in deep vision architectures. SPICE avoids architecture-dependent propagation rules, enabling the first systematic comparison of polysemanticity across both CNNs and Transformers, and automatically determines the number of concept clusters per neuron, eliminating reliance on a preset $K$ and supporting scalable analysis for large models. Using SPICE, we conduct a comprehensive investigation into how polysemanticity emerges, varies across depth and architecture, and forms through distinct computational pathways.",2026,computer vision,http://arxiv.org/abs/2609.13198v1
Astrotourism for Development: An Overview of Resources from the IAU Office of Astronomy for Development,"Astrotourism has emerged as a powerful cross sectoral tool to promote science education, sustainable economic development, and cultural exchange. Recognising its potential, the International Astronomical Union's Office of Astronomy for Development (IAU OAD) has developed a suite of openly accessible resources to support individuals and institutions interested in implementing astrotourism initiatives globally. These resources also encourage individuals and existing businesses to broaden their offerings to include activities that use the night sky as a backdrop, such as food experiences, wellness practices, and cultural exploration. This paper offers a comprehensive summary of these resources, available on the OAD's Astrotourism Portal, and situates them within the broader context of astronomy for development work. The paper is targeted at educators, policymakers, tourism operators, grassroots organisers, and entrepreneurs, providing guidance on how they can foster inclusive, locally grounded, and sustainable astrotourism efforts, particularly in underresourced or emerging contexts.",2025,web development,http://arxiv.org/abs/2507.15827v1
Analyzing Web Archives Through Topic and Event Focused Sub-collections,"Web archives capture the history of the Web and are therefore an important source to study how societal developments have been reflected on the Web. However, the large size of Web archives and their temporal nature pose many challenges to researchers interested in working with these collections. In this work, we describe the challenges of working with Web archives and propose the research methodology of extracting and studying sub-collections of the archive focused on specific topics and events. We discuss the opportunities and challenges of this approach and suggest a framework for creating sub-collections.",2016,web development,http://arxiv.org/abs/1612.05413v1
"Sustainable, Local Socio-Economic Development Through Astronomy","Astronomy, often perceived as a distant or luxury science, holds immense potential as a driver for sustainable local socio-economic development. This paper explores how astronomy can create tangible benefits for communities through education, tourism, technology transfer, and capacity building. Using case studies from South Africa, Chile, Indonesia, and India, we demonstrate how astronomical facilities and initiatives have stimulated local economies, generated employment, supported small enterprises, and enhanced STEM participation, while simultaneously inspiring a sense of shared global heritage. The analysis identifies both successes and challenges, including unequal benefit distribution, limited local ownership, and sustainability gaps once external funding ends. Building on these lessons, we propose a practical framework/guidelines for designing, implementing, and evaluating astronomy-based community initiatives, rooted in participatory engagement and aligned with the UN Sustainable Development Goals (SDGs). This paper positions astronomy as a catalyst for inclusive growth, demonstrating that investment in the cosmos can translate into grounded, measurable benefits for people and places on Earth.",2025,web development,http://arxiv.org/abs/2601.04224v2
SaGe: Web Preemption for Public SPARQL Query Services,"To provide stable and responsive public SPARQL query services, data providers enforce quotas on server usage. Queries which exceed these quotas are interrupted and deliver partial results. Such interruption is not an issue if it is possible to resume queries execution afterward. Unfortunately, there is no preemption model for the Web that allows for suspending and resuming SPARQL queries. In this paper, we propose SaGe: a SPARQL query engine based on Web preemption. SaGe allows SPARQL queries to be suspended by the Web server after a fixed time quantum and resumed upon client request. Web preemption is tractable only if its cost in time is negligible compared to the time quantum. The challenge is to support the full SPARQL query language while keeping the cost of preemption negligible. Experimental results demonstrate that SaGe outperforms existing SPARQL query processing approaches by several orders of magnitude in term of the average total query execution time and the time for first results.",2019,web development,http://arxiv.org/abs/1902.04790v1
"You, the Web and Your Device: Longitudinal Characterization of Browsing Habits","Understanding how people interact with the web is key for a variety of applications, e.g., from the design of effective web pages to the definition of successful online marketing campaigns. Browsing behavior has been traditionally represented and studied by means of clickstreams, i.e., graphs whose vertices are web pages, and edges are the paths followed by users. Obtaining large and representative data to extract clickstreams is however challenging. The evolution of the web questions whether browsing behavior is changing and, by consequence, whether properties of clickstreams are changing. This paper presents a longitudinal study of clickstreams in from 2013 to 2016. We evaluate an anonymized dataset of HTTP traces captured in a large ISP, where thousands of households are connected. We first propose a methodology to identify actual URLs requested by users from the massive set of requests automatically fired by browsers when rendering web pages. Then, we characterize web usage patterns and clickstreams, taking into account both the temporal evolution and the impact of the device used to explore the web. Our analyses precisely quantify various aspects of clickstreams and uncover interesting patterns, such as the typical short paths followed by people while navigating the web, the fast increasing trend in browsing from mobile devices and the different roles of search engines and social networks in promoting content. Finally, we contribute a dataset of anonymized clickstreams to the community to foster new studies (anonymized clickstreams are available to the public at http://bigdata.polito.it/clickstream).",2018,web development,http://arxiv.org/abs/1806.07158v2
Unsupervised Multi-label Dataset Generation from Web Data,"This paper presents a system towards the generation of multi-label datasets from web data in an unsupervised manner. To achieve this objective, this work comprises two main contributions, namely: a) the generation of a low-noise unsupervised single-label dataset from web-data, and b) the augmentation of labels in such dataset (from single label to multi label). The generation of a single-label dataset uses an unsupervised noise reduction phase (clustering and selection of clusters using anchors) obtaining a 85% of correctly labeled images. An unsupervised label augmentation process is then performed to assign new labels to the images in the dataset using the class activation maps and the uncertainty associated with each class. This process is applied to the dataset generated in this paper and a public dataset (Places365) achieving a 9.5% and 27% of extra labels in each dataset respectively, therefore demonstrating that the presented system can robustly enrich the initial dataset.",2020,web development,http://arxiv.org/abs/2005.05623v1
Semantic Web Technology for Agent Communication Protocols,"One relevant aspect in the development of the Semantic Web framework is the achievement of a real inter-agents communication capability at the semantic level. The agents should be able to communicate and understand each other using standard communication protocols freely, that is, without needing a laborious a priori preparation, before the communication takes place. For that setting we present in this paper a proposal that promotes to describe standard communication protocols using Semantic Web technology (specifically, OWL-DL and SWRL). Those protocols are constituted by communication acts. In our proposal those communication acts are described as terms that belong to a communication acts ontology, that we have developed, called CommOnt. The intended semantics associated to the communication acts in the ontology is expressed through social commitments that are formalized as fluents in the Event Calculus. In summary, OWL-DL reasoners and rule engines help in our proposal for reasoning about protocols. We define some comparison relationships (dealing with notions of equivalence and specialization) between protocols used by agents from different systems.",2024,web development,http://arxiv.org/abs/2401.11841v1
Dimensions: A Competitor to Scopus and the Web of Science?,"Dimensions is a partly free scholarly database launched by Digital Science in January 2018. Dimensions includes journal articles and citation counts, making it a potential new source of impact data. This article explores the value of Dimensions from an impact assessment perspective with an examination of Food Science research 2008-2018 and a random sample of 10,000 Scopus articles from 2012. The results include high correlations between citation counts from Scopus and Dimensions (0.96 by narrow field in 2012) as well as similar average counts. Almost all Scopus articles with DOIs were found in Dimensions (97% in 2012). Thus, the scholarly database component of Dimensions seems to be a plausible alternative to Scopus and the Web of Science for general citation analyses and for citation data in support of some types of research evaluations.",2018,web development,http://arxiv.org/abs/1803.07525v1
Web 3.0: The Future of Internet,"With the rapid growth of the Internet, human daily life has become deeply bound to the Internet. To take advantage of massive amounts of data and information on the internet, the Web architecture is continuously being reinvented and upgraded. From the static informative characteristics of Web 1.0 to the dynamic interactive features of Web 2.0, scholars and engineers have worked hard to make the internet world more open, inclusive, and equal. Indeed, the next generation of Web evolution (i.e., Web 3.0) is already coming and shaping our lives. Web 3.0 is a decentralized Web architecture that is more intelligent and safer than before. The risks and ruin posed by monopolists or criminals will be greatly reduced by a complete reconstruction of the Internet and IT infrastructure. In a word, Web 3.0 is capable of addressing web data ownership according to distributed technology. It will optimize the internet world from the perspectives of economy, culture, and technology. Then it promotes novel content production methods, organizational structures, and economic forms. However, Web 3.0 is not mature and is now being disputed. Herein, this paper presents a comprehensive survey of Web 3.0, with a focus on current technologies, challenges, opportunities, and outlook. This article first introduces a brief overview of the history of World Wide Web as well as several differences among Web 1.0, Web 2.0, Web 3.0, and Web3. Then, some technical implementations of Web 3.0 are illustrated in detail. We discuss the revolution and benefits that Web 3.0 brings. Finally, we explore several challenges and issues in this promising area.",2023,web development,http://arxiv.org/abs/2304.06032v1
Web Engineering,"Web Engineering is the application of systematic, disciplined and quantifiable approaches to development, operation, and maintenance of Web-based applications. It is both a pro-active approach and a growing collection of theoretical and empirical research in Web application development. This paper gives an overview of Web Engineering by addressing the questions: a) why is it needed? b) what is its domain of operation? c) how does it help and what should it do to improve Web application development? and d) how should it be incorporated in education and training? The paper discusses the significant differences that exist between Web applications and conventional software, the taxonomy of Web applications, the progress made so far and the research issues and experience of creating a specialisation at the master's level. The paper reaches a conclusion that Web Engineering at this stage is a moving target since Web technologies are constantly evolving, making new types of applications possible, which in turn may require innovations in how they are built, deployed and maintained.",2003,web development,http://arxiv.org/abs/cs/0306108v1
Role of Ontology in Semantic Web Development,"World Wide Web (WWW) is the most popular global information sharing and communication system consisting of three standards .i.e., Uniform Resource Identifier (URL), Hypertext Transfer Protocol (HTTP) and Hypertext Mark-up Language (HTML). Information is provided in text, image, audio and video formats over the web by using HTML which is considered to be unconventional in defining and formalizing the meaning of the context...",2010,web development,http://arxiv.org/abs/1008.1723v1
Combining Ontology Development Methodologies and Semantic Web Platforms for E-government Domain Ontology Development,"One of the key challenges in electronic government (e-government) is the development of systems that can be easily integrated and interoperated to provide seamless services delivery to citizens. In recent years, Semantic Web technologies based on ontology have emerged as promising solutions to the above engineering problems. However, current research practicing semantic development in e-government does not focus on the application of available methodologies and platforms for developing government domain ontologies. Furthermore, only a few of these researches provide detailed guidelines for developing semantic ontology models from a government service domain. This research presents a case study combining an ontology building methodology and two state-of-the-art Semantic Web platforms namely Protege and Java Jena ontology API for semantic ontology development in e-government. Firstly, a framework adopted from the Uschold and King ontology building methodology is employed to build a domain ontology describing the semantic content of a government service domain. Thereafter, UML is used to semi-formally represent the domain ontology. Finally, Protege and Jena API are employed to create the Web Ontology Language (OWL) and Resource Description Framework (RDF) representations of the domain ontology respectively to enable its computer processing. The study aims at: (1) providing e-government developers, particularly those from the developing world with detailed guidelines for practicing semantic content development in their e-government projects and (2), strengthening the adoption of semantic technologies in e-government. The study would also be of interest to novice Semantic Web developers who might used it as a starting point for further investigations.",2011,web development,http://arxiv.org/abs/1104.4966v1
RWebData: A High-Level Interface to the Programmable Web,"The rise of the programmable web offers new opportunities for the empirically driven social sciences. The access, compilation and preparation of data from the programmable web for statistical analysis can, however, involve substantial up-front costs for the practical researcher. The R-package RWebData provides a high-level framework that allows data to be easily collected from the programmable web in a format that can directly be used for statistical analysis in R (R Core Team 2013) without bothering about the data's initial format and nesting structure. It was developed specifically for users who have no experience with web technologies and merely use R as a statistical software. The core idea and methodological contribution of the package are the disentangling of parsing web data and mapping them with a generic algorithm (independent of the initial data structure) to a flat table-like representation. This paper provides an overview of the high-level functions for R-users, explains the basic architecture of the package, and illustrates the implemented data mapping algorithm.",2016,web development,http://arxiv.org/abs/1603.00293v2
Essential-Web v1.0: 24T tokens of organized web data,"Data plays the most prominent role in how language models acquire skills and knowledge. The lack of massive, well-organized pre-training datasets results in costly and inaccessible data pipelines. We present Essential-Web v1.0, a 24-trillion-token dataset in which every document is annotated with a twelve-category taxonomy covering topic, format, content complexity, and quality. Taxonomy labels are produced by EAI-Distill-0.5b, a fine-tuned 0.5b-parameter model that achieves an annotator agreement within 3% of Qwen2.5-32B-Instruct. With nothing more than SQL-style filters, we obtain competitive web-curated datasets in math (-8.0% relative to SOTA), web code (+14.3%), STEM (+24.5%) and medical (+8.6%). Essential-Web v1.0 is available on HuggingFace: https://huggingface.co/datasets/EssentialAI/essential-web-v1.0",2025,web development,http://arxiv.org/abs/2506.14111v2
The Tomaco Hybrid Matching Framework for SAWSDL Semantic Web Services,"This work aims to resolve issues related to Web Service retrieval, also known as Service Selection, Discovery or essentially Matching, in two directions. Firstly, a novel matching algorithm for SAWSDL is introduced. The algorithm is hybrid in nature, combining novel and known concepts, such as a logic-based strategy and syntactic text-similarity measures on semantic annotations and textual descriptions. A plugin for the S3 contest environment was developed, in order to position Tomaco amongst state-of-the-art in an objective, reproducible manner. Evaluation showed that Tomaco ranks high amongst state of the art, especially for early recall levels. Secondly, this work introduces the Tomaco web application, which aims to accelerate the wide-spread adoption of Semantic Web Service technologies and algorithms while targeting the lack of user-friendly applications in this field. Tomaco integrates a variety of configurable matching algorithms proposed in this paper. It, finally, allows discovery of both existing and user-contributed service collections and ontologies, serving also as a service registry.",2014,web development,http://arxiv.org/abs/1410.5614v1
City-on-Web: Real-time Neural Rendering of Large-scale Scenes on the Web,"Existing neural radiance field-based methods can achieve real-time rendering of small scenes on the web platform. However, extending these methods to large-scale scenes still poses significant challenges due to limited resources in computation, memory, and bandwidth. In this paper, we propose City-on-Web, the first method for real-time rendering of large-scale scenes on the web. We propose a block-based volume rendering method to guarantee 3D consistency and correct occlusion between blocks, and introduce a Level-of-Detail strategy combined with dynamic loading/unloading of resources to significantly reduce memory demands. Our system achieves real-time rendering of large-scale scenes at approximately 32FPS with RTX 3060 GPU on the web and maintains rendering quality comparable to the current state-of-the-art novel view synthesis methods.",2023,web development,http://arxiv.org/abs/2312.16457v2
Browser-based Analysis of Web Framework Applications,"Although web applications evolved to mature solutions providing sophisticated user experience, they also became complex for the same reason. Complexity primarily affects the server-side generation of dynamic pages as they are aggregated from multiple sources and as there are lots of possible processing paths depending on parameters. Browser-based tests are an adequate instrument to detect errors within generated web pages considering the server-side process and path complexity a black box. However, these tests do not detect the cause of an error which has to be located manually instead. This paper proposes to generate metadata on the paths and parts involved during server-side processing to facilitate backtracking origins of detected errors at development time. While there are several possible points of interest to observe for backtracking, this paper focuses user interface components of web frameworks.",2010,web development,http://arxiv.org/abs/1009.3714v1
Using Causality for Enhanced Prediction of Web Traffic Time Series,"Predicting web service traffic has significant social value, as it can be applied to various practical scenarios, including but not limited to dynamic resource scaling, load balancing, system anomaly detection, service-level agreement compliance, and fraud detection. Web service traffic is characterized by frequent and drastic fluctuations over time and are influenced by heterogeneous web user behaviors, making accurate prediction a challenging task. Previous research has extensively explored statistical approaches, and neural networks to mine features from preceding service traffic time series for prediction. However, these methods have largely overlooked the causal relationships between services. Drawing inspiration from causality in ecological systems, we empirically recognize the causal relationships between web services. To leverage these relationships for improved web service traffic prediction, we propose an effective neural network module, CCMPlus, designed to extract causal relationship features across services. This module can be seamlessly integrated with existing time series models to consistently enhance the performance of web service traffic predictions. We theoretically justify that the causal correlation matrix generated by the CCMPlus module captures causal relationships among services. Empirical results on real-world datasets from Microsoft Azure, Alibaba Group, and Ant Group confirm that our method surpasses state-of-the-art approaches in Mean Squared Error (MSE) and Mean Absolute Error (MAE) for predicting service traffic time series. These findings highlight the efficacy of leveraging causal relationships for improved predictions.",2025,web development,http://arxiv.org/abs/2502.00612v2
APFEL Web: a web-based application for the graphical visualization of parton distribution functions,"We present APFEL Web, a web-based application designed to provide a flexible user-friendly tool for the graphical visualization of parton distribution functions (PDFs). In this note we describe the technical design of the APFEL Web application, motivating the choices and the framework used for the development of this project. We document the basic usage of APFEL Web and show how it can be used to provide useful input for a variety of collider phenomenological studies. Finally we provide some examples showing the output generated by the application.",2014,web development,http://arxiv.org/abs/1410.5456v2
Who Watches the Watchmen: Exploring Complaints on the Web,"Under increasing scrutiny, many web companies now offer bespoke mechanisms allowing any third party to file complaints (e.g., requesting the de-listing of a URL from a search engine). While this self-regulation might be a valuable web governance tool, it places huge responsibility within the hands of these organisations that demands close examination. We present the first large-scale study of web complaints (over 1 billion URLs). We find a range of complainants, largely focused on copyright enforcement. Whereas the majority of organisations are occasional users of the complaint system, we find a number of bulk senders specialised in targeting specific types of domain. We identify a series of trends and patterns amongst both the domains and complainants. By inspecting the availability of the domains, we also observe that a sizeable portion go offline shortly after complaints are generated. This paper sheds critical light on how complaints are issued, who they pertain to and which domains go offline after complaints are issued.",2019,web development,http://arxiv.org/abs/1902.05796v2
JClarens: A Java Framework for Developing and Deploying Web Services for Grid Computing,"High Energy Physics (HEP) and other scientific communities have adopted Service Oriented Architectures (SOA) as part of a larger Grid computing effort. This effort involves the integration of many legacy applications and programming libraries into a SOA framework. The Grid Analysis Environment (GAE) is such a service oriented architecture based on the Clarens Grid Services Framework and is being developed as part of the Compact Muon Solenoid (CMS) experiment at the Large Hadron Collider (LHC) at European Laboratory for Particle Physics (CERN). Clarens provides a set of authorization, access control, and discovery services, as well as XMLRPC and SOAP access to all deployed services. Two implementations of the Clarens Web Services Framework (Python and Java) offer integration possibilities for a wide range of programming languages. This paper describes the Java implementation of the Clarens Web Services Framework called JClarens. and several web services of interest to the scientific and Grid community that have been deployed using JClarens.",2005,web development,http://arxiv.org/abs/cs/0504044v1
Web World Models,"Language agents increasingly require persistent worlds in which they can act, remember, and learn. Existing approaches sit at two extremes: conventional web frameworks provide reliable but fixed contexts backed by databases, while fully generative world models aim for unlimited environments at the expense of controllability and practical engineering. In this work, we introduce the Web World Model (WWM), a middle ground where world state and ``physics'' are implemented in ordinary web code to ensure logical consistency, while large language models generate context, narratives, and high-level decisions on top of this structured latent state. We build a suite of WWMs on a realistic web stack, including an infinite travel atlas grounded in real geography, fictional galaxy explorers, web-scale encyclopedic and narrative worlds, and simulation- and game-like environments. Across these systems, we identify practical design principles for WWMs: separating code-defined rules from model-driven imagination, representing latent state as typed web interfaces, and utilizing deterministic generation to achieve unlimited but structured exploration. Our results suggest that web stacks themselves can serve as a scalable substrate for world models, enabling controllable yet open-ended environments. Project Page: https://github.com/Princeton-AI2-Lab/Web-World-Models.",2025,web development,http://arxiv.org/abs/2512.23676v1
Effective performance of information retrieval on web by using web crawling,"World Wide Web consists of more than 50 billion pages online. It is highly dynamic i.e. the web continuously introduces new capabilities and attracts many people. Due to this explosion in size, the effective information retrieval system or search engine can be used to access the information. In this paper we have proposed the EPOW (Effective Performance of WebCrawler) architecture. It is a software agent whose main objective is to minimize the overload of a user locating needed information. We have designed the web crawler by considering the parallelization policy. Since our EPOW crawler has a highly optimized system it can download a large number of pages per second while being robust against crashes. We have also proposed to use the data structure concepts for implementation of scheduler & circular Queue to improve the performance of our web crawler.",2012,web development,http://arxiv.org/abs/1205.2891v1
Adding eScience Assets to the Data Web,"Aggregations of Web resources are increasingly important in scholarship as it adopts new methods that are data-centric, collaborative, and networked-based. The same notion of aggregations of resources is common to the mashed-up, socially networked information environment of Web 2.0. We present a mechanism to identify and describe aggregations of Web resources that has resulted from the Open Archives Initiative - Object Reuse and Exchange (OAI-ORE) project. The OAI-ORE specifications are based on the principles of the Architecture of the World Wide Web, the Semantic Web, and the Linked Data effort. Therefore, their incorporation into the cyberinfrastructure that supports eScholarship will ensure the integration of the products of scholarly research into the Data Web.",2009,web development,http://arxiv.org/abs/0906.2135v1
Web-CogReasoner: Towards Multimodal Knowledge-Induced Cognitive Reasoning for Web Agents,"Multimodal large-scale models have significantly advanced the development of web agents, enabling perception and interaction with digital environments akin to human cognition. In this paper, we argue that web agents must first acquire sufficient knowledge to effectively engage in cognitive reasoning. Therefore, we decompose a web agent's capabilities into two essential stages: knowledge content learning and cognitive processes. To formalize this, we propose Web-CogKnowledge Framework, categorizing knowledge as Factual, Conceptual, and Procedural. In this framework, knowledge content learning corresponds to the agent's processes of Memorizing and Understanding, which rely on the first two knowledge types, representing the ""what"" of learning. Conversely, cognitive processes correspond to Exploring, grounded in Procedural knowledge, defining the ""how"" of reasoning and action. To facilitate knowledge acquisition, we construct the Web-CogDataset, a structured resource curated from 14 real-world websites, designed to systematically instill core knowledge necessary for web agent. This dataset serves as the agent's conceptual grounding-the ""nouns"" upon which comprehension is built-as well as the basis for learning how to reason and act. Building on this foundation, we operationalize these processes through a novel knowledge-driven Chain-of-Thought (CoT) reasoning framework, developing and training our proposed agent, the Web-CogReasoner. Extensive experimentation reveals its significant superiority over existing models, especially in generalizing to unseen tasks where structured knowledge is decisive. To enable rigorous evaluation, we introduce the Web-CogBench, a comprehensive evaluation suite designed to assess and compare agent performance across the delineated knowledge domains and cognitive capabilities. Our code and data is open sourced at https://github.com/Gnonymous/Web-CogReasoner",2025,web development,http://arxiv.org/abs/2508.01858v3
A Composite Design Pattern for Service Injection and Composition of Web Services for Peer-To-Peer Computing with Service Oriented Architecture,"In this paper we present a Service Injection and composition Design Pattern for Unstructured Peer-to-Peer networks, which is designed with Aspect-oriented design patterns, and amalgamation of the Strategy, Worker Object, and Check-List Design Patterns used to design the Self-Adaptive Systems. It will apply self reconfiguration planes dynamically without the interruption or intervention of the administrator for handling service failures at the servers. When a client requests for a complex service, Service Composition should be done to fulfil the request. If a service is not available in the memory, it will be injected as Aspectual Feature Module code. We used Service Oriented Architecture (SOA) with Web Services in Java to Implement the composite Design Pattern. As far as we know, there are no studies on composition of design patterns for Peer-to-peer computing domain. The pattern is described using a java-like notation for the classes and interfaces. A simple UML class and Sequence diagrams are depicted.",2012,web development,http://arxiv.org/abs/1211.5596v1
The Internet with Privacy Policies: Measuring The Web Upon Consent,"To protect users' privacy, legislators have regulated the usage of tracking technologies, mandating the acquisition of users' consent before collecting data. Consequently, websites started showing more and more consent management modules -- i.e., Privacy Banners -- the visitors have to interact with to access the website content. They challenge the automatic collection of Web measurements, primarily to monitor the extensiveness of tracking technologies but also to measure Web performance in the wild. Privacy Banners in fact limit crawlers from observing the actual website content. In this paper, we present a thorough measurement campaign focusing on popular websites in Europe and the US, visiting both landing and internal pages from different countries around the world. We engineer Priv-Accept, a Web crawler able to accept the privacy policies, as most users would do in practice. This let us compare how webpages change before and after. Our results show that all measurements performed not dealing with the Privacy Banners offer a very biased and partial view of the Web. After accepting the privacy policies, we observe an increase of up to 70 trackers, which in turn slows down the webpage load time by a factor of 2x-3x.",2021,web development,http://arxiv.org/abs/2109.00395v2
Evolution of the Chilean Web: A Larger Study,"In this paper we extend our previous and only study on the dynamics of the Chilean Web. This new study doubles the time period and to the best of our knowledge is the only study of its type known about any country in the Web. The new results corroborate the trends found before, in particular the exponential growth of the Web, and reinforce the conclusion that the Web is more chaotic than we would like. Hence, modeling most Web characteristics is not trivial.",2013,web development,http://arxiv.org/abs/1309.1890v1
A model-driven approach for composing SAWSDL semantic Web services,"Composing Web services is a convenient means of dealing with complex requests. However, the number of Web services on the Internet is increasing. This explains the growing interest in composing Web services automatically. Nevertheless, the Web services' semantics is necessary for any dynamic composition process. In this article, we present an MDA approach to develop and compose SAWSDL semantic Web services. To model Web services, we use a UML profile which is independent of the description standards. The SAWSDL interface files are generated by using transformation rules. To model the behavior of a composite Web service and generate its executable BPEL file, we use the BPMN notation in a platform of modeling and implementing business process. The main contribution of this work is the easy and extensible solution to a model-driven development of the semantic atomic and composite Web services.",2010,web development,http://arxiv.org/abs/1004.3256v1
Web Table Classification based on Visual Features,"Tables on the web constitute a valuable data source for many applications, like factual search and knowledge base augmentation. However, as genuine tables containing relational knowledge only account for a small proportion of tables on the web, reliable genuine web table classification is a crucial first step of table extraction. Previous works usually rely on explicit feature construction from the HTML code. In contrast, we propose an approach for web table classification by exploiting the full visual appearance of a table, which works purely by applying a convolutional neural network on the rendered image of the web table. Since these visual features can be extracted automatically, our approach circumvents the need for explicit feature construction. A new hand labeled gold standard dataset containing HTML source code and images for 13,112 tables was generated for this task. Transfer learning techniques are applied to well known VGG16 and ResNet50 architectures. The evaluation of CNN image classification with fine tuned ResNet50 (F1 93.29%) shows that this approach achieves results comparable to previous solutions using explicitly defined HTML code based features. By combining visual and explicit features, an F-measure of 93.70% can be achieved by Random Forest classification, which beats current state of the art methods.",2021,web development,http://arxiv.org/abs/2103.05110v1
SHARE: A Web Service Based Framework for Distributed Querying and Reasoning on the Semantic Web,"Here we describe the SHARE system, a web service based framework for distributed querying and reasoning on the semantic web. The main innovations of SHARE are: (1) the extension of a SPARQL query engine to perform on-demand data retrieval from web services, and (2) the extension of an OWL reasoner to test property restrictions by means of web service invocations. In addition to enabling queries across distributed datasets, the system allows for a target dataset that is significantly larger than is possible under current, centralized approaches. Although the architecture is equally applicable to all types of data, the SHARE system targets bioinformatics, due to the large number of interoperable web services that are already available in this area. SHARE is built entirely on semantic web standards, and is the successor of the BioMOBY project.",2013,web development,http://arxiv.org/abs/1305.4455v1
Mobile Web - Strategy for Enterprise Success,"Today, enterprises are faced with increased global competition in an environment where customers are demanding faster delivery, better service and also want to gain significant and immediate business value by increasing productivity and reducing operational cost. Spurred by unprecedented customer demand, each Industry cluster has developed its own source of comparative advantage. Even within a single organization, the business value chain is geographically fragmented. Such diversification and fragmentation of value chain drives the need for cross-platform Web applications over mobile channel. Mobile Web is the next logical transition in this evolutionary process and Mobile Web applications will continue to gain more prominence in the enterprises not just to improve the return on investment in their existing system landscape, but also to expand global reach and improve operational efficiency of their mobile workforce. This paper outlines the critical business needs to rapidly create flexible Mobile web solutions across all lines of business. The paper enlightens the benefits offered by enabling web applications on Mobile devices and also addresses the current business challenges in developing Mobile Web applications. This paper is intended for all business domains irrespective of application portfolios.",2012,web development,http://arxiv.org/abs/1204.1802v1
Large Language Models for Web Accessibility: A Systematic Literature Review,"Web accessibility aims to ensure that web content and services are usable by people with diverse abilities. In recent years, Large Language Models (LLMs) have been increasingly explored to support accessibility-related tasks on the web, such as content generation, issue detection, and remediation. However, little is known about the characteristics of these approaches, the accessibility issues they target, the standards they follow, and how they are evaluated. In this paper, we present a systematic literature review of 38 peer-reviewed studies that investigate the use of LLMs in web accessibility contexts. We begin by performing a comprehensive search of scientific publications to identify relevant studies. We then conduct a comparative analysis to examine the accessibility tasks addressed, the LLM models and prompting strategies employed, the system architectures adopted, the accessibility issues and guidelines considered, and the evaluation methods used across studies. Our findings show that most studies apply LLMs to text-centric and structurally explicit accessibility tasks, with WCAG serving as the primary reference framework and limited consideration of cognitive accessibility guidelines (COGA). The reviewed approaches predominantly rely on general-purpose LLMs and prompt-based interactions, while evaluation practices vary widely and often lack direct involvement of users with disabilities. We envision this review as a consolidated reference for researchers and practitioners seeking to understand the current landscape of LLM-supported web accessibility, and as a foundation to guide future research and tool development in this area.",2026,web development,http://arxiv.org/abs/2605.13873v1
Creating Aesthetic Sonifications on the Web with SIREN,"SIREN is a flexible, extensible, and customizable web-based general-purpose interface for auditory data display (sonification). Designed as a digital audio workstation for sonification, synthesizers written in JavaScript using the Web Audio API facilitate intuitive mapping of data to auditory parameters for a wide range of purposes.   This paper explores the breadth of sound synthesis techniques supported by SIREN, and details the structure and definition of a SIREN synthesizer module. The paper proposes further development that will increase SIREN's utility.",2024,web development,http://arxiv.org/abs/2403.19763v1
DAMEWARE - Data Mining & Exploration Web Application Resource,"Astronomy is undergoing through a methodological revolution triggered by an unprecedented wealth of complex and accurate data. DAMEWARE (DAta Mining & Exploration Web Application and REsource) is a general purpose, Web-based, Virtual Observatory compliant, distributed data mining framework specialized in massive data sets exploration with machine learning methods. We present the DAMEWARE (DAta Mining & Exploration Web Application REsource) which allows the scientific community to perform data mining and exploratory experiments on massive data sets, by using a simple web browser. DAMEWARE offers several tools which can be seen as working environments where to choose data analysis functionalities such as clustering, classification, regression, feature extraction etc., together with models and algorithms.",2016,web development,http://arxiv.org/abs/1603.00720v2
Web Routineness and Limits of Predictability: Investigating Demographic and Behavioral Differences Using Web Tracking Data,"Understanding human activities and movements on the Web is not only important for computational social scientists but can also offer valuable guidance for the design of online systems for recommendations, caching, advertising, and personalization. In this work, we demonstrate that people tend to follow routines on the Web, and these repetitive patterns of web visits increase their browsing behavior's achievable predictability. We present an information-theoretic framework for measuring the uncertainty and theoretical limits of predictability of human mobility on the Web. We systematically assess the impact of different design decisions on the measurement. We apply the framework to a web tracking dataset of German internet users. Our empirical results highlight that individual's routines on the Web make their browsing behavior predictable to 85% on average, though the value varies across individuals. We observe that these differences in the users' predictabilities can be explained to some extent by their demographic and behavioral attributes.",2020,web development,http://arxiv.org/abs/2012.15112v1
A Privacy-Preserving QoS Prediction Framework for Web Service Recommendation,"QoS-based Web service recommendation has recently gained much attention for providing a promising way to help users find high-quality services. To facilitate such recommendations, existing studies suggest the use of collaborative filtering techniques for personalized QoS prediction. These approaches, by leveraging partially observed QoS values from users, can achieve high accuracy of QoS predictions on the unobserved ones. However, the requirement to collect users' QoS data likely puts user privacy at risk, thus making them unwilling to contribute their usage data to a Web service recommender system. As a result, privacy becomes a critical challenge in developing practical Web service recommender systems. In this paper, we make the first attempt to cope with the privacy concerns for Web service recommendation. Specifically, we propose a simple yet effective privacy-preserving framework by applying data obfuscation techniques, and further develop two representative privacy-preserving QoS prediction approaches under this framework. Evaluation results from a publicly-available QoS dataset of real-world Web services demonstrate the feasibility and effectiveness of our privacy-preserving QoS prediction approaches. We believe our work can serve as a good starting point to inspire more research efforts on privacy-preserving Web service recommendation.",2015,web development,http://arxiv.org/abs/1502.06084v2
SMPDF Web: a web-based application for specialized minimal parton distribution functions,"We present SMPDF Web, a web interface for the construction of parton distribution functions (PDFs) with a minimal number of error sets needed to represent the PDF uncertainty of specific processes (SMPDF).",2016,web development,http://arxiv.org/abs/1606.09248v1
"An Agent based Approach towards Metadata Extraction, Modelling and Information Retrieval over the Web",Web development is a challenging research area for its creativity and complexity. The existing raised key challenge in web technology technologic development is the presentation of data in machine read and process able format to take advantage in knowledge based information extraction and maintenance. Currently it is not possible to search and extract optimized results using full text queries because there is no such mechanism exists which can fully extract the semantic from full text queries and then look for particular knowledge based information.,2010,web development,http://arxiv.org/abs/1008.1333v1
Evolutionary Robotics on the Web with WebGL and Javascript,"Web-based applications are highly accessible to users, providing rich, interactive content while eliminating the need to install software locally. However, evolutionary robotics (ER) has faced challenges in this domain as web-based technologies have not been amenable to 3D physics simulations. Traditionally, physics-based simulations require a local installation and a high degree of user knowledge to configure an environment, but the emergence of Javascript-based physics engines enables complex simulations to be executed in web browsers. These developments create opportunities for ER research to reach new audiences by increasing accessibility. In this work, we introduce two web-based tools we have built to facilitate the exchange of ideas with other researchers as well as outreach to K-12 students and the general public. The first tool is intended to distribute and exchange ER research results, while the second is a completely browser-based implementation of an ER environment.",2014,web development,http://arxiv.org/abs/1406.3337v3
Using Software Categories for the Development of Generative Software,"In model-driven development (MDD) software emerges by systematically transforming abstract models to concrete source code. Ideally, performing those transformations is to a large extent the task of code generators. One approach for developing a new code generator is to write a reference implementation and separate it into handwritten and generatable code. Typically, the generator developer manually performs this separation a process that is often time-consuming, labor-intensive, difficult to maintain and may produce more code than necessary. Software categories provide a way for separating code into designated parts with defined dependencies, for example, ""Business Logic"" code that may not directly use ""Technical"" code. This paper presents an approach that uses the concept of software categories to semi-automatically determine candidates for generated code. The main idea is to iteratively derive the categories for uncategorized code from the dependencies of categorized code. The candidates for generated or handwritten code finally are code parts belonging to specific (previously defined) categories. This approach helps the generator developer in finding candidates for generated code more easily and systematically than searching by hand and is a step towards tool-supported development of generative software.",2015,web development,http://arxiv.org/abs/1509.02293v1
Full-Text and URL Search Over Web Archives,"Web archives are a historically valuable source of information. In some respects, web archives are the only record of the evolution of human society in the last two decades. They preserve a mix of personal and collective memories, the importance of which tends to grow as they age. However, the value of web archives depends on their users being able to search and access the information they require in efficient and effective ways. Without the possibility of exploring and exploiting the archived contents, web archives are useless. Web archive access functionalities range from basic browsing to advanced search and analytical services, accessed through user-friendly interfaces. Full-text and URL search have become the predominant and preferred forms of information discovery in web archives, fulfilling user needs and supporting search APIs that feed complex applications. Both full-text and URL search are based on the technology developed for modern web search engines, since the Web is the main resource targeted by both systems. However, while web search engines enable searching over the most recent web snapshot, web archives enable searching over multiple snapshots from the past. This means that web archives have to deal with a temporal dimension that is the cause of new challenges and opportunities, discussed throughout this chapter.",2021,web development,http://arxiv.org/abs/2108.01603v1
Dwarf Galaxies and the Cosmic Web,"We use a cosmological simulation of the formation of the Local Group of Galaxies to identify a mechanism that enables the removal of baryons from low-mass halos without appealing to feedback or reionization. As the Local Group forms, matter bound to it develops a network of filaments and pancakes. This moving web of gas and dark matter drifts and sweeps a large volume, overtaking many halos in the process. The dark matter content of these halos is unaffected but their gas can be efficiently removed by ram-pressure. The loss of gas is especially pronounced in low-mass halos due to their lower binding energy and has a dramatic effect on the star formation history of affected systems. This ""cosmic web stripping"" may help to explain the scarcity of dwarf galaxies compared with the numerous low-mass halos expected in ΛCDM and the large diversity of star formation histories and morphologies characteristic of faint galaxies. Although our results are based on a single high-resolution simulation, it is likely that the hydrodynamical interaction of dwarf galaxies with the cosmic web is a crucial ingredient so far missing from galaxy formation models.",2012,web development,http://arxiv.org/abs/1211.0536v1
Harnessing customized built-in elements -- Empowering Component-Based Software Engineering and Design Systems with HTML5 Web Components,"Customized built-in elements in HTML5 significantly transform web development. These elements enable developers to create unique HTML components tailored with specific design and purpose. Customized built-in elements enable developers to address the unique needs of web applications more quickly, supporting consistent user interfaces and experiences across diverse digital platforms. This study investigates the role of these features in Component-Based Software Engineering (CBSE) and Design Systems, emphasizing the benefits of code modularity, reusability, and scalability in web development. Customized built-in elements enable developers to address the unique needs of web applications more quickly, supporting consistent user interfaces and experiences across diverse digital platforms. The paper also discusses the difficulties and concerns that must be addressed when creating customized built-in elements, such as browser compatibility, performance optimization, accessibility, security, styling, and interoperability. It emphasizes the importance of standardization, developer tooling, and community interaction in order to fully realize the potential of these features. Looking ahead, customized built-in elements have potential in a variety of applications, including the Internet of Things (IoT), e-commerce, and educational technologies. Their incorporation into Progressive Web Apps (PWAs) is expected to further improve web experiences. While obstacles remain, the article concludes that HTML5 customized built-in elements are a driver for web development innovation, allowing the production of efficient, adaptive, and user-centric web applications in an ever-changing digital context.",2023,web development,http://arxiv.org/abs/2311.16601v1
URI Identity and Web Architecture Revisited,"This document reexamined the URI's identity issue and the debate regarding the nature of ""information resource"". By making emphasis on the abstract nature of resource and the role of URI as an interface to the web, this article presented an alternative viewpoint about the architecture of the web that would allow us to objectively and consistently treat all kinds of resources.",2012,web development,http://arxiv.org/abs/1212.6372v1
Towards Product Lining Model-Driven Development Code Generators,"A code generator systematically transforms compact models to detailed code. Today, code generation is regarded as an integral part of model-driven development (MDD). Despite its relevance, the development of code generators is an inherently complex task and common methodologies and architectures are lacking. Additionally, reuse and extension of existing code generators only exist on individual parts. A systematic development and reuse based on a code generator product line is still in its infancy. Thus, the aim of this paper is to identify the mechanism necessary for a code generator product line by (a) analyzing the common product line development approach and (b) mapping those to a code generator specific infrastructure. As a first step towards realizing a code generator product line infrastructure, we present a component-based implementation approach based on ideas of variability-aware module systems and point out further research challenges.",2015,web development,http://arxiv.org/abs/1509.02291v1
Assessing Web Fingerprinting Risk,"Modern Web APIs allow developers to provide extensively customized experiences for website visitors, but the richness of the device information they provide also make them vulnerable to being abused to construct browser fingerprints, device-specific identifiers that enable covert tracking of users even when cookies are disabled.   Previous research has established entropy, a measure of information, as the key metric for quantifying fingerprinting risk. However, earlier studies had two major limitations. First, their entropy estimates were based on either a single website or a very small sample of devices. Second, they did not adequately consider correlations among different Web APIs, potentially grossly overestimating their fingerprinting risk.   We provide the first study of browser fingerprinting which addresses the limitations of prior work. Our study is based on actual visited pages and Web APIs reported by tens of millions of real Chrome browsers in-the-wild. We accounted for the dependencies and correlations among Web APIs, which is crucial for obtaining more realistic entropy estimates. We also developed a novel experimental design that accurately and efficiently estimates entropy while never observing too much information from any single user. Our results provide an understanding of the distribution of entropy for different website categories, confirm the utility of entropy as a fingerprinting proxy, and offer a method for evaluating browser enhancements which are intended to mitigate fingerprinting.",2024,web development,http://arxiv.org/abs/2403.15607v1
MS MARCO Web Search: a Large-scale Information-rich Web Dataset with Millions of Real Click Labels,"Recent breakthroughs in large models have highlighted the critical significance of data scale, labels and modals. In this paper, we introduce MS MARCO Web Search, the first large-scale information-rich web dataset, featuring millions of real clicked query-document labels. This dataset closely mimics real-world web document and query distribution, provides rich information for various kinds of downstream tasks and encourages research in various areas, such as generic end-to-end neural indexer models, generic embedding models, and next generation information access system with large language models. MS MARCO Web Search offers a retrieval benchmark with three web retrieval challenge tasks that demand innovations in both machine learning and information retrieval system research domains. As the first dataset that meets large, real and rich data requirements, MS MARCO Web Search paves the way for future advancements in AI and system research. MS MARCO Web Search dataset is available at: https://github.com/microsoft/MS-MARCO-Web-Search.",2024,web development,http://arxiv.org/abs/2405.07526v1
Mapping the Cosmic Web with the largest all-sky surveys,"Our view of the low-redshift Cosmic Web has been revolutionized by galaxy redshift surveys such as 6dFGS, SDSS and 2MRS. However, the trade-off between depth and angular coverage limits a systematic three-dimensional account of the entire sky beyond the Local Volume (z<0.05). In order to reliably map the Universe to cosmologically significant depths over the full celestial sphere, one must draw on multiwavelength datasets and state-of-the-art photometric redshift techniques. We have undertaken a dedicated program of cross-matching the largest photometric all-sky surveys -- 2MASS, WISE and SuperCOSMOS -- to obtain accurate redshift estimates of millions of galaxies. The first outcome of these efforts -- the 2MASS Photometric Redshift catalog (2MPZ, Bilicki et al. 2014a) -- has been publicly released and includes almost 1 million galaxies with a mean redshift of z=0.08. Here we summarize how this catalog was constructed and how using the WISE mid-infrared sample together with SuperCOSMOS optical data allows us to push to redshift shells of z~0.2--0.3 on unprecedented angular scales. Our catalogs, with ~20 million sources in total, provide access to cosmological volumes crucial for studies of local galaxy flows (clustering dipole, bulk flow) and cross-correlations with the cosmic microwave background such as the integrated Sachs-Wolfe effect or lensing studies.",2014,web development,http://arxiv.org/abs/1408.0799v1
Extending OWL-S for the Composition of Web Services Generated With a Legacy Application Wrapper,"Despite numerous efforts by various developers, web service composition is still a difficult problem to tackle. Lot of progressive research has been made on the development of suitable standards. These researches help to alleviate and overcome some of the web services composition issues. However, the legacy application wrappers generate nonstandard WSDL which hinder the progress. Indeed, in addition to their lack of semantics, WSDLs have sometimes different shapes because they are adapted to circumvent some technical implementation aspect. In this paper, we propose a method for the semi automatic composition of web services in the context of the NeuroLOG project. In this project the reuse of processing tools relies on a legacy application wrapper called jGASW. The paper describes the extensions to OWL-S in order to introduce and enable the composition of web services generated using the jGASW wrapper and also to implement consistency checks regarding these services.",2012,web development,http://arxiv.org/abs/1210.1179v1
Space Cybersecurity Norms,"This paper addresses: Evolution of the space systems environment, including space system proliferation and space systems as critical infrastructure Cyber threats to, and vulnerabilities of, space systems Alternative approaches to meeting these threats, and the significance of norms Approaches to the development and reinforcement of norms for the cybersecurity of space systems.",2023,cybersecurity,http://arxiv.org/abs/2306.07441v1
Coherence-driven inference for cybersecurity,Large language models (LLMs) can compile weighted graphs on natural language data to enable automatic coherence-driven inference (CDI) relevant to red and blue team operations in cybersecurity. This represents an early application of automatic CDI that holds near- to medium-term promise for decision-making in cybersecurity and eventually also for autonomous blue team operations.,2025,cybersecurity,http://arxiv.org/abs/2509.18520v1
Hephaestus: Toward a Cybersecurity AI Scientist,"Cyber offense is moving to machine speed; cyber research itself is not. Existing AI scientist systems make end-to-end research automation increasingly plausible, but they target relatively stable scientific domains. We argue that AI-native cybersecurity is a different kind of scientific object. Its recurring units of study are security events and interaction traces, not static assets; its model and tool substrate is non-stationary, not steady-state; and credible evaluation depends on digital twins, cyber ranges, and auditable evidence rather than on a single benchmark score. We call this object the Cybersecurity AI Scientist. A practical realization is a modular, role-specialized multi-agent research system that coordinates problem framing, threat modeling, tool generation, controlled experimentation, evaluation, governance, and scientific reporting, and that anchors its concrete objectives in a four-zeros frame spanning risk, trust, incident, and energy dimensions. As a representative agenda we focus on AI-native defense, where steady-state perimeters give way to resilient agent legions and the classical category of terminal security is itself being deconstructed into agent security. This paper defines the object, separates it from any single organizational realization, and offers an architecture and an agenda on which later systems, benchmarks, and empirical programs can be built.",2026,cybersecurity,http://arxiv.org/abs/2606.29981v1
Synergistic Development of Cybersecurity and Functional Safety for Smart Electric Vehicles,"The introduction of Smart Electric Vehicles (SEVs) represents an increasingly disruption on automotive area, once integrates advanced computer and communication technologies to highly electrical cars, which come with high performances, environment friendly and user friendly characteristics . But the increasing complexity of SEVs prompted by greater dependence on interconnected systems, autonomous capabilities and electrification, presents new challenges in cybersecurity as well as functional safety. The safety and reliability of such vehicles is paramount, as unsafe or unreliable operation in either case represents an unacceptable risk in terms of the performance of the vehicle and safety of the passenger. This paper investigates the integrated development of cybersecurity and functional safety for SEVs, emphasizing the requirement for the parallel development of these domains as components that are not treated separately. In SEVs, cybersecurity is quite crucial in order to prevent the threats of hacking, data breaches and unauthorized access to vehicle systems. Functional safety ensures that important vehicle functions (braking, steering, battery control, etc.) keep working even if some part fails. This convergence of functional safety issues with cybersecurity issues is becoming more crucial, since a security incident can result in a failure of catastrophic consequences for a functional safety system and, conversely. This paper reports the current state of cybersecurity and functional safety standards for SEVs, highlighting challenges that include the weaknesses of communication networks, the potential security threats of over-the-air updates, and the demand for real-time responsive systems for failure.",2025,cybersecurity,http://arxiv.org/abs/2511.07713v1
Are Enterprises Ready for Quantum-Safe Cybersecurity?,"Quantum computing threatens to undermine classical cryptography by breaking widely deployed encryption and signature schemes. This paper examines enterprise readiness for quantum-safe cybersecurity through three perspectives: (i) the technologist view, assessing the maturity of post-quantum cryptography (PQC) and quantum key distribution (QKD); (ii) the enterprise (CISO/CIO) view, analyzing organizational awareness, risk management, and operational barriers; and (iii) the threat actor view, evaluating the evolving quantum threat and the urgency of migration. Using recent standards (e.g., NIST's 2024 PQC algorithms), industry surveys, and threat intelligence, we synthesize findings via a SWOT analysis to map strengths, weaknesses, opportunities, and threats. Results indicate uneven and generally insufficient preparedness: while PQC standards and niche QKD deployments signal technical progress, fewer than 5\% of enterprises have formal quantum-transition plans, and many underestimate ""harvest now, decrypt later"" risks. Financial, telecom, and government sectors have begun migration, but most industries remain exploratory or stalled by costs, complexity, and skills gaps. Expert consensus places cryptanalytically relevant quantum computers in the 2030s, yet delayed preparation could leave today's data vulnerable for decades. We recommend immediate steps: establishing crypto-agility, creating quantum transition roadmaps, prioritizing PQC deployment in high-value systems, and upskilling cybersecurity teams. A coordinated, proactive approach is essential to secure current and future digital assets in the quantum era.",2025,cybersecurity,http://arxiv.org/abs/2509.01731v1
"A Review of Quantum Cybersecurity: Threats, Risks and Opportunities","The promise of quantum computing is not speeding up conventional computing rather delivering an exponential advantage for certain classes of problems, with profound implications for cybersecurity for instance. With the advent and development of quantum computers, cyberspace security can surely become the most critical problem for the Internet in near future. On contrary, prosaic quantum technology can be promising to transform cybersecurity. This research aims to synthesize basic and fundamental studies concerning quantum cybersecurity that can be emerged both as a threat and solution to critical cybersecurity issues based on a systematic study. We provide a comprehensive, illustrative description of the current state-of-the-art quantum computing and cybersecurity and present the proposed approaches to date. Findings in quantum computing cybersecurity suggest that quantum computing can be adopted for the betterment of cybersecurity threats while it poses the most unexpected threats to cybersecurity. The focus and depth of this systematic survey not only provide quantum and cybersecurity practitioners and researchers with a consolidated body of knowledge about current trends in this area but also underpins a starting point for further research in this field.",2022,cybersecurity,http://arxiv.org/abs/2207.03534v1
Applying Public Health Systematic Approaches to Cybersecurity: The Economics of Collective Defense,"The U.S. public health system increased life expectancy by more than 30 years since 1900 through systematic data collection, evidence-based intervention, and coordinated response. This paper examines whether cybersecurity can benefit from similar organizational principles. We find that both domains exhibit public good characteristics: security improvements create positive externalities that individual actors cannot fully capture, leading to systematic market failure and underinvestment. Current cybersecurity lacks fundamental infrastructure including standardized population definitions, reliable outcome measurements, understanding of transmission mechanisms, and coordinated intervention testing. Drawing on public health's transformation from fragmented local responses to coordinated evidence-based discipline, we propose a national Cyber Public Health System for systematic data collection, standardized measurement, and coordinated response. We argue government coordination is economically necessary rather than merely beneficial, and outline specific federal roles in establishing standards, funding research, coordinating response, and addressing information asymmetries that markets cannot resolve.",2026,cybersecurity,http://arxiv.org/abs/2602.13869v1
Towards Autonomous Cybersecurity: An Intelligent AutoML Framework for Autonomous Intrusion Detection,"The rapid evolution of mobile networks from 5G to 6G has necessitated the development of autonomous network management systems, such as Zero-Touch Networks (ZTNs). However, the increased complexity and automation of these networks have also escalated cybersecurity risks. Existing Intrusion Detection Systems (IDSs) leveraging traditional Machine Learning (ML) techniques have shown effectiveness in mitigating these risks, but they often require extensive manual effort and expert knowledge. To address these challenges, this paper proposes an Automated Machine Learning (AutoML)-based autonomous IDS framework towards achieving autonomous cybersecurity for next-generation networks. To achieve autonomous intrusion detection, the proposed AutoML framework automates all critical procedures of the data analytics pipeline, including data pre-processing, feature engineering, model selection, hyperparameter tuning, and model ensemble. Specifically, it utilizes a Tabular Variational Auto-Encoder (TVAE) method for automated data balancing, tree-based ML models for automated feature selection and base model learning, Bayesian Optimization (BO) for hyperparameter optimization, and a novel Optimized Confidence-based Stacking Ensemble (OCSE) method for automated model ensemble. The proposed AutoML-based IDS was evaluated on two public benchmark network security datasets, CICIDS2017 and 5G-NIDD, and demonstrated improved performance compared to state-of-the-art cybersecurity methods. This research marks a significant step towards fully autonomous cybersecurity in next-generation networks, potentially revolutionizing network security applications.",2024,cybersecurity,http://arxiv.org/abs/2409.03141v1
Autonomous Low Power IoT System Architecture for Cybersecurity Monitoring,"Network security morning (NSM) is essential for any cybersecurity system, where the average cost of a cyber attack is 1.1 million. No matter how secure a system, it will eventually fail without proper and continuous monitoring. No wonder that the cybersecurity market is expected to grow up to $170.4 billion in 2022. However, the majority of legacy industries do not invest in NSM implementation until it is too late due to the initial and operation costs and static unutilized resources. Thus, this paper proposes a novel dynamic Internet of things (IoT) architecture for an industrial NSM that features a low installation and operation cost, low power consumption, intelligent organization behavior, and environmentally friendly operation. As a case study, the system is implemented in a mid-range oil a gas manufacturing facility in the southern states with more than 300 machines and servers over three remote locations and a production plant that features a challenging atmosphere condition. The proposed system successfully shows a significant saving (>65%) in power consumption, acquires one-tenth of the installation cost, develops an intelligent operation expert system tool as well as saves the environment from more than 500mg of CO2 pollution per hour, promoting green IoT systems.",2021,cybersecurity,http://arxiv.org/abs/2106.00834v4
Cybersecurity Guidance for Smart Homes: A Cross-National Review of Government Sources,"Smart homes are increasingly targeted by cyberattacks, yet residents often lack guidance when incidents occur. Since affected residents are likely to seek help from trustworthy sources, this paper asks: What actionable cybersecurity guidance do governments provide to smart home users whose systems have been compromised? To answer this question, we conduct an exploratory, user-centered review of governmental cybersecurity guidance for smart homes across eleven countries to identify and characterize the types of guidance governments provide and to systematize their content. Using a standardized search and screening process, we derive three emergent clusters: incident reporting, general security recommendations, and incident response. Our findings show that governments provide abundant general security advice and accessible reporting channels, but structured incident response guidance tailored to smart homes is rare. Only two sources offer step-by-step recovery guidance for non-expert users, highlighting a gap between preventive advice and post-incident support.",2026,cybersecurity,http://arxiv.org/abs/2603.21703v1
Classifying SMEs for Approaching Cybersecurity Competence and Awareness,"Cybersecurity is increasingly a concern for small and medium-sized enterprises (SMEs), and there exist many awareness training programs and tools for them. The literature mainly studies SMEs as a unitary type of company and provides one-size-fits-all recommendations and solutions. However, SMEs are not homogeneous. They are diverse with different vulnerabilities, cybersecurity needs, and competencies. Few studies considered such differences in standards and certificates for security tools adoption and cybersecurity tailoring for these SMEs. This study proposes a classification framework with an outline of cybersecurity improvement needs for each class. The framework suggests five SME types based on their characteristics and specific security needs: cybersecurity abandoned SME, unskilled SME, expert-connected SME, capable SME, and cybersecurity provider SME. In addition to describing the five classes, the study explains the framework's usage in sampled SMEs. The framework proposes solutions for each class to approach cybersecurity awareness and competence more consistent with SME needs. The final publication is available at ACM Digital Library via this https URL https://doi.org/10.1145/3465481.3469200",2021,cybersecurity,http://arxiv.org/abs/2110.05370v1
"To Patch or Not to Patch: Motivations, Challenges, and Implications for Cybersecurity","As technology has become more embedded into our society, the security of modern-day systems is paramount. One topic which is constantly under discussion is that of patching, or more specifically, the installation of updates that remediate security vulnerabilities in software or hardware systems. This continued deliberation is motivated by complexities involved with patching; in particular, the various incentives and disincentives for organizations and their cybersecurity teams when deciding whether to patch. In this paper, we take a fresh look at the question of patching and critically explore why organizations and IT/security teams choose to patch or decide against it (either explicitly or due to inaction). We tackle this question by aggregating and synthesizing prominent research and industry literature on the incentives and disincentives for patching, specifically considering the human aspects in the context of these motives. Through this research, this study identifies key motivators such as organizational needs, the IT/security team's relationship with vendors, and legal and regulatory requirements placed on the business and its staff. There are also numerous significant reasons discovered for why the decision is taken not to patch, including limited resources (e.g., person-power), challenges with manual patch management tasks, human error, bad patches, unreliable patch management tools, and the perception that related vulnerabilities would not be exploited. These disincentives, in combination with the motivators above, highlight the difficult balance that organizations and their security teams need to maintain on a daily basis. Finally, we conclude by discussing implications of these findings and important future considerations.",2025,cybersecurity,http://arxiv.org/abs/2502.17703v1
Security Education in Higher Education through AI-Powered Gamification,"Cybersecurity education is facing more challenges as AI-driven attacks are becoming increasingly realistic and difficult to detect. Traditional video-based cybersecurity training in higher education often suffers from both low engagement and limited effectiveness. This dilemma motivates educators to explore innovative approaches, such as AI-powered gamification, which can deliver engaging, meaningful, and personalized learning experiences. By presenting content in a more interactive and user-friendly way, these methods have the potential to significantly improve both learner engagement and educational outcomes. This paper explores AI-powered gamification in cybersecurity education through the development of several short, mobile-friendly games. These games cover a range of topics from password security to text and phone scam recognition, incorporate multiple gamification strategies, including quiz-based, narrative-based, and simulation-based designs, as well as interactive formats such as TikTok Mini-Games. We conducted a two-tiered evaluation with 59 college students (comprising 9 technical experts and 50 general users), and the results indicate the potential of AI-powered gamification to improve engagement and increase attention to cybersecurity topics in higher education.",2026,cybersecurity,http://arxiv.org/abs/2608.24778v1
"Given Enough Eyeballs, All Bugs Are Shallow? Revisiting Eric Raymond with Bug Bounty Programs","Bug bounty programs offer a modern platform for organizations to crowdsource their software security and for security researchers to be fairly rewarded for the vulnerabilities they find. Little is known however on the incentives set by bug bounty programs: How they drive new bug discoveries, and how they supposedly improve security through the progressive exhaustion of discoverable vulnerabilities. Here, we recognize that bug bounty programs create tensions, for organizations running them on the one hand, and for security researchers on the other hand. At the level of one bug bounty program, security researchers face a sort of St-Petersburg paradox: The probability of finding additional bugs decays fast, and thus can hardly be matched with a sufficient increase of monetary rewards. Furthermore, bug bounty program managers have an incentive to gather the largest possible crowd to ensure a larger pool of expertise, which in turn increases competition among security researchers. As a result, we find that researchers have high incentives to switch to newly launched programs, for which a reserve of low-hanging fruit vulnerabilities is still available. Our results inform on the technical and economic mechanisms underlying the dynamics of bug bounty program contributions, and may in turn help improve the mechanism design of bug bounty programs that get increasingly adopted by cybersecurity savvy organizations.",2016,cybersecurity,http://arxiv.org/abs/1608.03445v2
NATOs Mission-Critical Space Capabilities under Threat: Cybersecurity Gaps in the Military Space Asset Supply Chain,"The North Atlantic Treaty Organizations (NATO) public-private Space Asset Supply Chain (SASC) currently exhibits significant cybersecurity gaps. It is well-established that data obtained from space assets is fundamental to NATO, as they allow for the facilitation of its missions, self-defence and effective deterrence of its adversaries. Any hostile cyber operation, suspending control over a space asset, severely impacts both NATO missions and allied Member States national security. This threat is exacerbated by NATOs mostly unregulated cyber SASC. Hence, this thesis answers a twofold research question: a) What are current cybersecurity gaps along NATOs global SASC; and b) How can NATO and its allied Member States gain greater control over such gaps to safeguard the supply of NATO mission-critical information? An ontological field study is carried out by conducting nineteen semi-structured interviews with high-level representatives from relevant public, private and academic organizations. This research was undertaken in collaboration with the NATO Cooperative Cyber Defence Centre of Excellence (CCDCOE) in Tallinn, Estonia. This thesis concludes that current cybersecurity gaps along NATOs SASC are caused by cyber vulnerabilities such as legacy systems or the use of Commercial-Off-the-Shelf (COTS) technology. Inadequate cyber SASC management is caused by hindrances such as misaligned classification levels and significant understaffing. On this basis, NATO should consider two major collaboration initiatives: a) Raising Awareness throughout the whole of the NATO system, and b) Pushing forward the creation of regulation through a standardized security framework on SASC cybersecurity. Doing so would enable NATO and its Member States to recognise cyberthreats to mission-critical data early on along its cyber SASC, and thus increase transparency, responsibility, and liability.",2021,cybersecurity,http://arxiv.org/abs/2102.09674v1
CritBench: A Framework for Evaluating Cybersecurity Capabilities of Large Language Models in IEC 61850 Digital Substation Environments,"The advancement of Large Language Models (LLMs) has raised concerns regarding their dual-use potential in cybersecurity. Existing evaluation frameworks overwhelmingly focus on Information Technology (IT) environments, failing to capture the constraints, and specialized protocols of Operational Technology (OT). To address this gap, we introduce CritBench, a novel framework designed to evaluate the cybersecurity capabilities of LLM agents within IEC 61850 Digital Substation environments. We assess five state-of-the-art models, including OpenAI's GPT-5 suite and open-weight models, across a corpus of 81 domain-specific tasks spanning static configuration analysis, network traffic reconnaissance, and live virtual machine interaction. To facilitate industrial protocol interaction, we develop a domain-specific tool scaffold. Our empirical results show that agents reliably execute static structured-file analysis and single-tool network enumeration, but their performance degrades on dynamic tasks. Despite demonstrating explicit, internalized knowledge of the IEC 61850 standards terminology, current models struggle with the persistent sequential reasoning and state tracking required to manipulate live systems without specialized tools. Equipping agents with our domain-specific tool scaffold significantly mitigates this operational bottleneck. Code and evaluation scripts are available at: https://github.com/GKeppler/CritBench",2026,cybersecurity,http://arxiv.org/abs/2604.06019v1
Social Engineering in Cybersecurity: A Domain Ontology and Knowledge Graph Application Examples,"Social engineering has posed a serious threat to cyberspace security. To protect against social engineering attacks, a fundamental work is to know what constitutes social engineering. This paper first develops a domain ontology of social engineering in cybersecurity and conducts ontology evaluation by its knowledge graph application. The domain ontology defines 11 concepts of core entities that significantly constitute or affect social engineering domain, together with 22 kinds of relations describing how these entities related to each other. It provides a formal and explicit knowledge schema to understand, analyze, reuse and share domain knowledge of social engineering. Furthermore, this paper builds a knowledge graph based on 15 social engineering attack incidents and scenarios. 7 knowledge graph application examples (in 6 analysis patterns) demonstrate that the ontology together with knowledge graph is useful to 1) understand and analyze social engineering attack scenario and incident, 2) find the top ranked social engineering threat elements (e.g. the most exploited human vulnerabilities and most used attack mediums), 3) find potential social engineering threats to victims, 4) find potential targets for social engineering attackers, 5) find potential attack paths from specific attacker to specific target, and 6) analyze the same origin attacks.",2021,cybersecurity,http://arxiv.org/abs/2106.01157v1
Process-Driven Visual Analysis of Cybersecurity Capture the Flag Exercises,"Hands-on training sessions become a standard way to develop and increase knowledge in cybersecurity. As practical cybersecurity exercises are strongly process-oriented with knowledge-intensive processes, process mining techniques and models can help enhance learning analytics tools. The design of our open-source analytical dashboard is backed by guidelines for visualizing multivariate networks complemented with temporal views and clustering. The design aligns with the requirements for post-training analysis of a special subset of cybersecurity exercises -- supervised Capture the Flag games. Usability is demonstrated in a case study using trainees' engagement measurement to reveal potential flaws in training design or organization.",2025,cybersecurity,http://arxiv.org/abs/2509.15589v2
Proportionate Cybersecurity for Micro-SMEs: A Governance Design Model under NIS2,"Micro and small enterprises (SMEs) remain structurally vulnerable to cyber threats while facing capacity constraints that make formal compliance burdensome. This article develops a governance design model for proportionate SME cybersecurity, grounded in an awareness-first logic and informed by the EU Squad 2025 experience. Using a qualitative policy-analysis and conceptual policy-design approach, we reconstruct a seven-dimension preventive architecture: awareness and visibility, human behaviour, access control, system hygiene, data protection, detection and response, and continuous review, and justify each dimension's contribution to proportionality and risk reduction. We then map the model's regulatory scope and limits against the NIS2 Directive, Commission Implementing Regulation (EU) 2024/2690, the Digital Operational Resilience Act (DORA), the Cyber Resilience Act (CRA), and the EU Action Plan on Cybersecurity for Hospitals, clarifying which obligations are supported and which require complementary governance (e.g. role accountability, incident timelines, statements of applicability, sector-specific testing and procurement). The analysis argues that raising awareness is the fastest, scalable lever to increase cyber-risk sensitivity in micro-SMEs and complements, rather than replaces, formal compliance. We conclude with policy implications for EU and national programmes seeking practical, proportionate pathways to SME cyber resilience under NIS2.",2025,cybersecurity,http://arxiv.org/abs/2511.02898v2
Leveraging Sharing Communities to Achieve Federated Learning for Cybersecurity,"Automated cyber threat detection in computer networks is a major challenge in cybersecurity. The cyber domain has inherent challenges that make traditional machine learning techniques problematic, specifically the need to learn continually evolving attacks through global collaboration while maintaining data privacy, and the varying resources available to network owners. We present a scheme to mitigate these difficulties through an architectural approach using community model sharing with a streaming analytic pipeline. Our streaming approach trains models incrementally as each log record is processed, thereby adjusting to concept drift resulting from changing attacks. Further, we designed a community sharing approach which federates learning through merging models without the need to share sensitive cyber-log data. Finally, by standardizing data and Machine Learning processes in a modular way, we provide network security operators the ability to manage cyber threat events and model sensitivity through community member and analytic method weighting in ways that are best suited for their available resources and data.",2021,cybersecurity,http://arxiv.org/abs/2104.11763v2
Cyber Pirates Ahoy! An Analysis of Cybersecurity Challenges in the Shipping Industry,"Maritime shipping has become a trillion-dollar industry that now impacts the economy of virtually every country around the world. It is therefore no surprise that countries and companies have spent billions of dollars to modernize shipping vessels and ports with various technologies. However, the implementation of these technologies has also caught the attention of cybercriminals. For example, a cyberattack on one shipping company resulted in nearly $300 millions in financial losses. Hence, this paper describes cybersecurity vulnerabilities present in the international shipping business. The contribution of this paper is the identification and dissection of cyber vulnerabilities specific to the shipping industry, along with how and why these potential vulnerabilities exist.",2022,cybersecurity,http://arxiv.org/abs/2208.03607v1
Beyond Resilience: Antifragility in Critical Infrastructure Cybersecurity,"Critical infrastructure cybersecurity increasingly requires frameworks that move beyond recovery toward bounded improvement under disruption, yet empirically grounded theories for operational technology remain limited. This paper develops a Theory of Antifragility (AFT) for critical infrastructure (CI) cybersecurity, anchored in a five-state Resilient System Model and a bounded mathematical definition based on Jensen gain and post-disruption gain. A two-layer empirical design pairs a CI-relevant subset of the CISSM Cyber Events Database with the HAI hardware-in-the-loop industrial control dataset and tests three confirmatory hypotheses and one exploratory proposition. OT-adjacent sectors show significantly higher shares of disruptive or mixed events than comparison sectors (65.3 percent versus 46.8 percent, p less than 0.001), together with a greater concentration of physical-attack and data-attack subtypes. In HAI, attack-labeled observations were 7.43 times more likely than normal observations to exceed the 95th percentile of baseline deviation (p less than 0.001). Across successive attack windows, mean process-state deviation declined significantly (Spearman rho = -0.688, p = 0.007), indicating measurable response variation rather than proof of adaptive gain. Together, the findings establish two prerequisites for future antifragility testing: differentiated fragility burden and process-level perturbation observability.",2026,cybersecurity,http://arxiv.org/abs/2607.29550v1
Relation-aware based Siamese Denoising Autoencoder for Malware Few-shot Classification,"When malware employs an unseen zero-day exploit, traditional security measures such as vulnerability scanners and antivirus software can fail to detect them. This is because these tools rely on known patches and signatures, which do not exist for new zero-day attacks. Furthermore, existing machine learning methods, which are trained on specific and occasionally outdated malware samples, may struggle to adapt to features in new malware. To address this issue, there is a need for a more robust machine learning model that can identify relationships between malware samples without being trained on a particular malware feature set. This is particularly crucial in the field of cybersecurity, where the number of malware samples is limited and obfuscation techniques are widely used. Current approaches using stacked autoencoders aim to remove the noise introduced by obfuscation techniques through reconstruction of the input. However, this approach ignores the semantic relationships between features across different malware samples. To overcome this limitation, we propose a novel Siamese Neural Network (SNN) that uses relation-aware embeddings to calculate more accurate similarity probabilities based on semantic details of different malware samples. In addition, by using entropy images as inputs, our model can extract better structural information and subtle differences in malware signatures, even in the presence of obfuscation techniques. Evaluations on two large malware sample sets using the N-shot and N-way methods show that our proposed model is highly effective in predicting previously unseen malware, even in the presence of obfuscation techniques.",2024,cybersecurity,http://arxiv.org/abs/2411.14029v1
"Large Language Models (LLMs) and Generative AI in Cybersecurity and Privacy: A Survey of Dual-Use Risks, AI-Generated Malware, Explainability, and Defensive Strategies","Large Language Models (LLMs) and generative AI (GenAI) systems, such as ChatGPT, Claude, Gemini, LLaMA, Copilot, Stable Diffusion by OpenAI, Anthropic, Google, Meta, Microsoft, Stability AI, respectively, are revolutionizing cybersecurity, enabling both automated defense and sophisticated attacks. These technologies power real-time threat detection, phishing defense, secure code generation, and vulnerability exploitation at unprecedented scales. Following a rapid surge where LLM-generated malware grew to account for an estimated 50% of detected threats by 2025, up from just 2% in 2021, navigating this highly automated threat landscape in 2026 demands next-generation security frameworks. This paper presents a comprehensive survey of the beneficial and malicious applications of LLMs in cybersecurity, including zero-day detection, DevSecOps, federated learning, synthetic content analysis, and explainable AI (XAI). Drawing on a review of over 70 academic papers, industry reports, and technical documents, this work synthesizes insights from real-world case studies across platforms like Google Play Protect, Microsoft Defender, Amazon Web Services (AWS), Apple App Store, OpenAI Plugin Stores, Hugging Face Spaces, and GitHub, alongside emerging initiatives like the SAFE Framework and AI-driven anomaly detection. We conclude with practical recommendations for responsible and transparent LLM deployment and trustworthy AI, including model watermarking, adversarial defense, and cross-industry collaboration, setting a new benchmark for rigorous, holistic cybersecurity research at the intersection of AI and threat defense, and offering a roadmap for secure, scalable LLM systems that serves as a critical reference for researchers, engineers, and security leaders navigating the complex challenges of AI-driven cybersecurity.",2026,cybersecurity,http://arxiv.org/abs/2607.06963v1
AdaPhish: AI-Powered Adaptive Defense and Education Resource Against Deceptive Emails,"Phishing attacks remain a significant threat in the digital age, yet organizations lack effective methods to tackle phishing attacks without leaking sensitive information. Phish bowl initiatives are a vital part of cybersecurity efforts against these attacks. However, traditional phish bowls require manual anonymization and are often limited to internal use. To overcome these limitations, we introduce AdaPhish, an AI-powered phish bowl platform that automatically anonymizes and analyzes phishing emails using large language models (LLMs) and vector databases. AdaPhish achieves real-time detection and adaptation to new phishing tactics while enabling long-term tracking of phishing trends. Through automated reporting, adaptive analysis, and real-time alerts, AdaPhish presents a scalable, collaborative solution for phishing detection and cybersecurity education.",2025,cybersecurity,http://arxiv.org/abs/2502.03622v2
Cybersecurity Dynamics: A Foundation for the Science of Cybersecurity,"Cybersecurity Dynamics is new concept that aims to achieve the modeling, analysis, quantification, and management of cybersecurity from a holistic perspective, rather than from a building-blocks perspective. It is centered at modeling and analyzing the attack-defense interactions in cyberspace, which cause a ``natural'' phenomenon -- the evolution of the global cybersecurity state. In this Chapter, we systematically introduce and review the Cybersecurity Dynamics foundation for the Science of Cybersecurity. We review the core concepts, technical approaches, research axes, and results that have been obtained in this endeavor. We outline a research roadmap towards the ultimate research goal, including a systematic set of technical barriers.",2020,cybersecurity,http://arxiv.org/abs/2010.05683v1
Threats and Security Strategies for IoMT Infusion Pumps,"The integration of the Internet of Medical Things (IoMT) into healthcare systems has transformed patient care by enabling real-time monitoring, enhanced diagnostics, and enhanced operational efficiency. However, this increased connectivity has also expanded the attack surface for cybercriminals, raising significant cybersecurity and privacy concerns. This study focuses on the cybersecurity vulnerabilities of IoMT infusion pumps, which are critical devices in modern healthcare. Through a targeted literature review of the past five years, we analyzed seven current studies from a pool of 132 papers to identify security vulnerabilities. Our findings indicate that infusion pumps face vulnerabilities such as device-level flaws, authentication and access control issues, network and communication weaknesses, data security and privacy risks, and operational or organizational challenges that can expose them to lateral attacks within healthcare networks. Our analysis synthesizes findings from seven recent studies to clarify how and why infusion pumps remain vulnerable in each of these areas. By categorizing the security gaps, we highlight critical risk patterns and their implications. This work underscores the scope of the issue and provides a structured understanding that is valuable for healthcare IT professionals and device manufacturers. Ultimately, the findings can inform the development of targeted, proactive security strategies to better safeguard infusion pumps and protect patient well-being.",2025,cybersecurity,http://arxiv.org/abs/2509.14604v1
Training a quantum annealing based restricted Boltzmann machine on cybersecurity data,"We present a real-world application that uses a quantum computer. Specifically, we train a RBM using QA for cybersecurity applications. The D-Wave 2000Q has been used to implement QA. RBMs are trained on the ISCX data, which is a benchmark dataset for cybersecurity. For comparison, RBMs are also trained using CD. CD is a commonly used method for RBM training. Our analysis of the ISCX data shows that the dataset is imbalanced. We present two different schemes to balance the training dataset before feeding it to a classifier. The first scheme is based on the undersampling of benign instances. The imbalanced training dataset is divided into five sub-datasets that are trained separately. A majority voting is then performed to get the result. Our results show the majority vote increases the classification accuracy up from 90.24% to 95.68%, in the case of CD. For the case of QA, the classification accuracy increases from 74.14% to 80.04%. In the second scheme, a RBM is used to generate synthetic data to balance the training dataset. We show that both QA and CD-trained RBM can be used to generate useful synthetic data. Balanced training data is used to evaluate several classifiers. Among the classifiers investigated, K-Nearest Neighbor (KNN) and Neural Network (NN) perform better than other classifiers. They both show an accuracy of 93%. Our results show a proof-of-concept that a QA-based RBM can be trained on a 64-bit binary dataset. The illustrative example suggests the possibility to migrate many practical classification problems to QA-based techniques. Further, we show that synthetic data generated from a RBM can be used to balance the original dataset.",2020,cybersecurity,http://arxiv.org/abs/2011.13996v4
Cybersecurity Cost of Quality: Managing the Costs of Cybersecurity Risk Management,"There is no standard yet for measuring and controlling the costs associated with implementing cybersecurity programs. To advance research and practice towards this end, we develop a mapping using the well-known concept of quality costs and the Framework Core within the Cybersecurity Framework produced by the National Institute of Standards and Technology (NIST) in response to the Cybersecurity Enhancement Act of 2014. This mapping can be easily adopted by organizations that are already using the NIST CSF for cybersecurity risk management to plan, manage, and continually improve cybersecurity operations. If an organization is not using the NIST CSF, this mapping may still be useful for linking elements in accounting systems that are associated with cybersecurity operations and risk management to a quality cost model.",2017,cybersecurity,http://arxiv.org/abs/1707.02653v1
Cybersecurity Dynamics,"We explore the emerging field of {\em Cybersecurity Dynamics}, a candidate foundation for the Science of Cybersecurity.",2015,cybersecurity,http://arxiv.org/abs/1502.05100v1
Adopting the Cybersecurity Concepts into Curriculum The Potential Effects on Students Cybersecurity Knowledge,"This study examines the effect of adopting cybersecurity concepts on the IT curriculum and determines the potential effect on students' knowledge of cybersecurity practices and level of awareness. To this end, a pilot study was first conducted to measure the current level of cybersecurity awareness. The results revealed that students do not have much knowledge of Cybersecurity. Thus, a four-step approach was proposed to infuse the relevant cybersecurity topics in five matched courses based on the latest Cybersecurity curricular guidelines (CSEC2017). A sample of 42 students was selected purposively without prior knowledge of Cybersecurity and divided identically into experimental and control groups. Students in the experimental group were asked to take five consecutive courses over five semesters. In each course, groups went through a pre-test for the infused topics. Then, the experimental group taught the corresponding infused topics. A post-test was administered to both groups at the end of each course, and the t-test was conducted. The results found significant differences between marks of prior and post-tests for 11 out of 14 infused topics. These satisfactory results would encourage universities to infuse cybersecurity concepts into their curriculum",2022,cybersecurity,http://arxiv.org/abs/2209.10407v1
A Systems Thinking for Cybersecurity Modeling,"Solving cybersecurity issues requires a holistic understanding of components, factors, structures and their interactions in cyberspace, but conventional modeling approaches view the field of cybersecurity by their boundaries so that we are still not clear to cybersecurity and its changes. In this paper, we attempt to discuss the application of systems thinking approaches to cybersecurity modeling. This paper reviews the systems thinking approaches and provides the systems theories and methods for tackling cybersecurity challenges, regarding relevant fields, associated impact factors and their interactions. Moreover, an illustrative example of systems thinking frameworks for cybersecurity modeling is developed to help broaden the mind in methodology, theory, technology and practice. This article concludes that systems thinking can be considered as one of the powerful tools of cybersecurity modeling to find, characterize, understand, evaluate and predict cybersecurity.",2020,cybersecurity,http://arxiv.org/abs/2001.05734v1
Cultivating Cybersecurity: Designing a Cybersecurity Curriculum for the Food and Agriculture Sector,"As technology increasingly integrates into farm settings, the food and agriculture sector has become vulnerable to cyberattacks. However, previous research has indicated that many farmers and food producers lack the cybersecurity education they require to identify and mitigate the growing number of threats and risks impacting the industry. This paper presents an ongoing research effort describing a cybersecurity initiative to educate various populations in the farming and agriculture community. The initiative proposes the development and delivery of a ten-module cybersecurity course, to create a more secure workforce, focusing on individuals who, in the past, have received minimal exposure to cybersecurity education initiatives.",2025,cybersecurity,http://arxiv.org/abs/2503.16292v1
Offensive Robot Cybersecurity,"Offensive Robot Cybersecurity introduces a groundbreaking approach by advocating for offensive security methods empowered by means of automation. It emphasizes the necessity of understanding attackers' tactics and identifying vulnerabilities in advance to develop effective defenses, thereby improving robots' security posture. This thesis leverages a decade of robotics experience, employing Machine Learning and Game Theory to streamline the vulnerability identification and exploitation process. Intrinsically, the thesis uncovers a profound connection between robotic architecture and cybersecurity, highlighting that the design and creation aspect of robotics deeply intertwines with its protection against attacks. This duality -- whereby the architecture that shapes robot behavior and capabilities also necessitates a defense mechanism through offensive and defensive cybersecurity strategies -- creates a unique equilibrium. Approaching cybersecurity with a dual perspective of defense and attack, rooted in an understanding of systems architecture, has been pivotal. Through comprehensive analysis, including ethical considerations, the development of security tools, and executing cyber attacks on robot software, hardware, and industry deployments, this thesis proposes a novel architecture for cybersecurity cognitive engines. These engines, powered by advanced game theory and machine learning, pave the way for autonomous offensive cybersecurity strategies for robots, marking a significant shift towards self-defending robotic systems. This research not only underscores the importance of offensive measures in enhancing robot cybersecurity but also sets the stage for future advancements where robots are not just resilient to cyber threats but are equipped to autonomously safeguard themselves.",2025,cybersecurity,http://arxiv.org/abs/2506.15343v1
"Cybersecurity: Past, Present and Future","The digital transformation has created a new digital space known as cyberspace. This new cyberspace has improved the workings of businesses, organizations, governments, society as a whole, and day to day life of an individual. With these improvements come new challenges, and one of the main challenges is security. The security of the new cyberspace is called cybersecurity. Cyberspace has created new technologies and environments such as cloud computing, smart devices, IoTs, and several others. To keep pace with these advancements in cyber technologies there is a need to expand research and develop new cybersecurity methods and tools to secure these domains and environments. This book is an effort to introduce the reader to the field of cybersecurity, highlight current issues and challenges, and provide future directions to mitigate or resolve them. The main specializations of cybersecurity covered in this book are software security, hardware security, the evolution of malware, biometrics, cyber intelligence, and cyber forensics. We must learn from the past, evolve our present and improve the future. Based on this objective, the book covers the past, present, and future of these main specializations of cybersecurity. The book also examines the upcoming areas of research in cyber intelligence, such as hybrid augmented and explainable artificial intelligence (AI). Human and AI collaboration can significantly increase the performance of a cybersecurity system. Interpreting and explaining machine learning models, i.e., explainable AI is an emerging field of study and has a lot of potentials to improve the role of AI in cybersecurity.",2022,cybersecurity,http://arxiv.org/abs/2207.01227v3
Cybersecurity for Autonomous Vehicles,"The increasing adoption of autonomous vehicles is bringing a major shift in the automotive industry. However, as these vehicles become more connected, cybersecurity threats have emerged as a serious concern. Protecting the security and integrity of autonomous systems is essential to prevent malicious activities that can harm passengers, other road users, and the overall transportation network. This paper focuses on addressing the cybersecurity issues in autonomous vehicles by examining the challenges and risks involved, which are important for building a secure future. Since autonomous vehicles depend on the communication between sensors, artificial intelligence, external infrastructure, and other systems, they are exposed to different types of cyber threats. A cybersecurity breach in an autonomous vehicle can cause serious problems, including a loss of public trust and safety. Therefore, it is very important to develop and apply strong cybersecurity measures to support the growth and acceptance of self-driving cars. This paper discusses major cybersecurity challenges like vulnerabilities in software and hardware, risks from wireless communication, and threats through external interfaces. It also reviews existing solutions such as secure software development, intrusion detection systems, cryptographic protocols, and anomaly detection methods. Additionally, the paper highlights the role of regulatory bodies, industry collaborations, and cybersecurity standards in creating a secure environment for autonomous vehicles. Setting clear rules and best practices is necessary for consistent protection across manufacturers and regions. By analyzing the current cybersecurity landscape and suggesting practical countermeasures, this paper aims to contribute to the safe development and public trust of autonomous vehicle technology.",2025,cybersecurity,http://arxiv.org/abs/2504.20180v1
Cybersecurity and Sustainable Development,"Growing interdependencies between organizations lead them towards the creation of inter-organizational networks where cybersecurity and sustainable development have become one of the most important issues. The Environmental Goods and Services Sector (EGSS) is one of the fastest developing sectors of the economy fueled by the growing relationships between network entities based on ICT usage. In this sector, Green Cybersecurity is an emerging issue because it secures processes related directly and indirectly to environmental management and protection. In the future, the multidimensional development of the EGSS can help European Union to overcome the upcoming crises. At the same time, computer technologies and cybersecurity can contribute to the implementation of the concept of sustainable development. The development of environmental technologies along with their cybersecurity is one of the aims of the realization of sustainable production and domestic security concepts among the EU countries. Hence, the aim of this article is a theoretical discussion and research on the relationships between cybersecurity and sustainable development in inter-organizational networks. Therefore, the article is an attempt to give an answer to the question about the current state of the implementation of cybersecurity in relation to the EGSS part of the economy in different EU countries.",2021,cybersecurity,http://arxiv.org/abs/2105.13652v1
Cybersecurity Awareness,"Cybersecurity awareness can be viewed as the level of appreciation, understanding or knowledge of cybersecurity or information security aspects. Such aspects include cognizance of cyber risks and threats, but also appropriate protection measures.",2021,cybersecurity,http://arxiv.org/abs/2103.00474v1
Generative AI in Cybersecurity,"The dawn of Generative Artificial Intelligence (GAI), characterized by advanced models such as Generative Pre-trained Transformers (GPT) and other Large Language Models (LLMs), has been pivotal in reshaping the field of data analysis, pattern recognition, and decision-making processes. This surge in GAI technology has ushered in not only innovative opportunities for data processing and automation but has also introduced significant cybersecurity challenges.   As GAI rapidly progresses, it outstrips the current pace of cybersecurity protocols and regulatory frameworks, leading to a paradox wherein the same innovations meant to safeguard digital infrastructures also enhance the arsenal available to cyber criminals. These adversaries, adept at swiftly integrating and exploiting emerging technologies, may utilize GAI to develop malware that is both more covert and adaptable, thus complicating traditional cybersecurity efforts.   The acceleration of GAI presents an ambiguous frontier for cybersecurity experts, offering potent tools for threat detection and response, while concurrently providing cyber attackers with the means to engineer more intricate and potent malware. Through the joint efforts of Duke Pratt School of Engineering, Coalfire, and Safebreach, this research undertakes a meticulous analysis of how malicious agents are exploiting GAI to augment their attack strategies, emphasizing a critical issue for the integrity of future cybersecurity initiatives. The study highlights the critical need for organizations to proactively identify and develop more complex defensive strategies to counter the sophisticated employment of GAI in malware creation.",2024,cybersecurity,http://arxiv.org/abs/2405.01674v1
Shifting Engagement With Cybersecurity: How People Discover and Share Cybersecurity Content at Work and at Home,"Cybersecurity awareness is shaped by a wide range of professional and personal experiences, including information and training at work and the sharing of news and other content at home. In order to explore how people discover cybersecurity content and the effect that participation in workplace training may have on this we present an online study of 1200 participants from the UK, US, France, and Germany. Those undertaking cybersecurity training at work showed reduced intention to share information at home, shifting the focus towards the workplace. They were also more likely to recall cybersecurity information shared by their employer than from any other source, which in turn correlated with content type and distribution channel. We critically reflect on this shift, highlighting opportunities to improve cybersecurity information sharing at work and at home.",2026,cybersecurity,http://arxiv.org/abs/2602.19695v1
Ontological Approach toward Cybersecurity in Cloud Computing,"Widespread deployment of the Internet enabled building of an emerging IT delivery model, i.e., cloud computing. Albeit cloud computing-based services have rapidly developed, their security aspects are still at the initial stage of development. In order to preserve cybersecurity in cloud computing, cybersecurity information that will be exchanged within it needs to be identified and discussed. For this purpose, we propose an ontological approach to cybersecurity in cloud computing. We build an ontology for cybersecurity operational information based on actual cybersecurity operations mainly focused on non-cloud computing. In order to discuss necessary cybersecurity information in cloud computing, we apply the ontology to cloud computing. Through the discussion, we identify essential changes in cloud computing such as data-asset decoupling and clarify the cybersecurity information required by the changes such as data provenance and resource dependency information.",2014,cybersecurity,http://arxiv.org/abs/1405.6169v1
The Role of Machine Learning in Cybersecurity,"Machine Learning (ML) represents a pivotal technology for current and future information systems, and many domains already leverage the capabilities of ML. However, deployment of ML in cybersecurity is still at an early stage, revealing a significant discrepancy between research and practice. Such discrepancy has its root cause in the current state-of-the-art, which does not allow to identify the role of ML in cybersecurity. The full potential of ML will never be unleashed unless its pros and cons are understood by a broad audience.   This paper is the first attempt to provide a holistic understanding of the role of ML in the entire cybersecurity domain -- to any potential reader with an interest in this topic. We highlight the advantages of ML with respect to human-driven detection methods, as well as the additional tasks that can be addressed by ML in cybersecurity. Moreover, we elucidate various intrinsic problems affecting real ML deployments in cybersecurity. Finally, we present how various stakeholders can contribute to future developments of ML in cybersecurity, which is essential for further progress in this field. Our contributions are complemented with two real case studies describing industrial applications of ML as defense against cyber-threats.",2022,cybersecurity,http://arxiv.org/abs/2206.09707v1
Cybersecurity as a Service,"With the increasing sophistication and sheer number of cyberattacks, more and more companies come to the conclusion that they have to strengthen their cybersecurity posture. At the same time, well-educated Information technology (IT) security personnel are scarce. Cybersecurity as a service (CSaaS) is one possible solution to tackle this problem by outsourcing security functions to managed security service providers (MSSP). This chapter gives an overview of common CSaaS functions and their providers. Moreover, it provides guidance especially for small- and medium-sized businesses, for asking the appropriate questions when it comes to the selection of a specific MSSP.",2024,cybersecurity,http://arxiv.org/abs/2402.13965v1
Ten AI Stepping Stones for Cybersecurity,"With the turmoil in cybersecurity and the mind-blowing advances in AI, it is only natural that cybersecurity practitioners consider further employing learning techniques to help secure their organizations and improve the efficiency of their security operation centers. But with great fears come great opportunities for both the good and the evil, and a myriad of bad deals. This paper discusses ten issues in cybersecurity that hopefully will make it easier for practitioners to ask detailed questions about what they want from an AI system in their cybersecurity operations. We draw on the state of the art to provide factual arguments for a discussion on well-established AI in cybersecurity issues, including the current scope of AI and its application to cybersecurity, the impact of privacy concerns on the cybersecurity data that can be collected and shared externally to the organization, how an AI decision can be explained to the person running the operations center, and the implications of the adversarial nature of cybersecurity in the learning techniques. We then discuss the use of AI by attackers on a level playing field including several issues in an AI battlefield, and an AI perspective on the old cat-and-mouse game including how the adversary may assess your AI power.",2019,cybersecurity,http://arxiv.org/abs/1912.06817v1
Graph Mining for Cybersecurity: A Survey,"The explosive growth of cyber attacks nowadays, such as malware, spam, and intrusions, caused severe consequences on society. Securing cyberspace has become an utmost concern for organizations and governments. Traditional Machine Learning (ML) based methods are extensively used in detecting cyber threats, but they hardly model the correlations between real-world cyber entities. In recent years, with the proliferation of graph mining techniques, many researchers investigated these techniques for capturing correlations between cyber entities and achieving high performance. It is imperative to summarize existing graph-based cybersecurity solutions to provide a guide for future studies. Therefore, as a key contribution of this paper, we provide a comprehensive review of graph mining for cybersecurity, including an overview of cybersecurity tasks, the typical graph mining techniques, and the general process of applying them to cybersecurity, as well as various solutions for different cybersecurity tasks. For each task, we probe into relevant methods and highlight the graph types, graph approaches, and task levels in their modeling. Furthermore, we collect open datasets and toolkits for graph-based cybersecurity. Finally, we outlook the potential directions of this field for future research.",2023,cybersecurity,http://arxiv.org/abs/2304.00485v2
Towards a Systematic View on Cybersecurity Ecology,"Current network security systems are progressively showing their limitations. One credible estimate is that only about 45% of new threats are detected. Therefore it is vital to find a new direction that cybersecurity development should follow. We argue that the next generation of cybersecurity systems should seek inspiration in nature. This approach has been used before in the first generation of cybersecurity systems; however, since then cyber threats and environment have evolved significantly, and accordingly the first-generation systems have lost their effectiveness. A next generation of bio-inspired cybersecurity research is emerging, but progress is hindered by the lack of a framework for mapping biological security systems to their cyber analogies. In this paper, using terminology and concepts from biology, we describe a cybersecurity ecology and a framework that may be used to systematically research and develop bio-inspired cybersecurity.",2015,cybersecurity,http://arxiv.org/abs/1505.04207v2
Assessing and Improving Cybersecurity Maturity for SMEs: Standardization aspects,"SMEs constitute a very large part of the economy in every country and they play an important role in economic growth and social development. SMEs are frequent targets of cybersecurity attacks similar to large enterprises. However, unlike large enterprises, SMEs mostly have limited capabilities regarding cybersecurity practices. Given the increasing cybersecurity risks and the large impact that the risks may bring to the SMEs, assessing and improving the cybersecurity capabilities is crucial for SMEs for sustainability. This research aims to provide an approach for SMEs for assessing and improving their cybersecurity capabilities by integrating key elements from existing industry standards.",2020,cybersecurity,http://arxiv.org/abs/2007.01751v1
Cybersecurity Competence for Organisations in Inner Scandinavia,"A rapidly growing number of cybersecurity threats and incidents demands that Swedish organisations increase their efforts to improve their cybersecurity capacities. This paper presents results from interviews and a prior survey with key representatives from enterprises and public sector organisations in the Swedish region of Värmland in Inner Scandinavia, examining their cybersecurity readiness and needs for education and competence development. We discuss the generalizability of our findings and the extent to which they may be specific to Sweden and Värmland, and we conclude by proposing efforts to strengthen cybersecurity competences in Inner Scandinavia.",2025,cybersecurity,http://arxiv.org/abs/2510.09673v1
Multidimensional Cybersecurity Framework for Strategic Foresight,"Cybersecurity is now at the forefront of most organisational digital transformative agendas and National economic, social and political programmes. Hence its impact to society can no longer be seen to be one dimensional. The rise in National cybersecurity laws and regulations is a good indicator of its perceived importance to nations. And the recent awakening for social and ethical transparency in society and coupled with sustainability issues demonstrate the need for a paradigm shift in how cybersecurity discourses can now happen. In response to this shift, a multidimensional cybersecurity framework for strategic foresight underpinned on situational awareness is proposed. The conceptual cybersecurity framework comprising six domains such as Physical, Cultural, Economic, Social, Political and Cyber, is discussed. The guiding principles underpinning the framework are outlined, followed by in-depth reflection on the Business, Operational, Technological and Human (BOTH) factors and their implications for strategic foresight for cybersecurity.",2022,cybersecurity,http://arxiv.org/abs/2202.02537v1
"A Systematization of Cybersecurity Regulations, Standards and Guidelines for the Healthcare Sector","The growing adoption of IT solutions in the healthcare sector is leading to a steady increase in the number of cybersecurity incidents. As a result, organizations worldwide have introduced regulations, standards, and best practices to address cybersecurity and data protection issues in this sector. However, the application of this large corpus of documents presents operational difficulties, and operators continue to lag behind in resilience to cyber attacks. This paper contributes a systematization of the significant cybersecurity documents relevant to the healthcare sector. We collected the 49 most significant documents and used the NIST cybersecurity framework to categorize key information and support the implementation of cybersecurity measures.",2023,cybersecurity,http://arxiv.org/abs/2304.14955v1
